Gene Name,baseMean,log2FoldChange,lfcSE,stat,pvalue,padj,Gene Regulation,Project ID
A1CF,15.3210009610634,2.79941713885918,0.415460323154316,6.73810947241618,1.6046065973103198e-11,9.300421948381869e-11,Upregulated,Project_TCGA-PRAD
ABCG2,815.589268695218,-2.84247191184884,0.152321853756662,-18.6609592894645,1.0286786138596598e-77,8.35715650543151e-75,Downregulated,Project_TCGA-PRAD
AC000093.1,22.4324678652162,2.78530097534676,0.225223556372292,12.3668279651116,3.95119169045566e-35,3.81387799903487e-33,Upregulated,Project_TCGA-PRAD
AC005041.1,5.94853674015469,-2.52771621544955,0.182310098668125,-13.8649270332028,1.03331125217496e-43,1.83159116317341e-41,Downregulated,Project_TCGA-PRAD
AC005726.1,7.22970040229451,4.84040752998905,0.592426182095221,8.17048212297115,3.07159461208798e-16,3.18225035847457e-15,Upregulated,Project_TCGA-PRAD
AC010255.2,63.1042455388531,3.3382942405485,0.359881165546765,9.27610155834817,1.75793030234504e-20,3.17077937420199e-19,Upregulated,Project_TCGA-PRAD
AC010980.1,5.70347411817492,-3.04190168078494,0.260081468694534,-11.6959570247493,1.3367172137669402e-31,8.658907718946089e-30,Downregulated,Project_TCGA-PRAD
AC013470.2,13.542230027334,2.50661576001813,0.265393825763922,9.44489101358322,3.55774368890665e-21,7.028255972269691e-20,Upregulated,Project_TCGA-PRAD
AC090517.4,1.07592470005037,2.18574926657508,0.442768884444901,4.93654668013845,7.9518011158942e-07,2.54379357108622e-06,Upregulated,Project_TCGA-PRAD
AC113554.1,6.80970254995813,2.40137013517455,0.329514076423856,7.28761017203299,3.1550128423309e-13,2.25087597511042e-12,Upregulated,Project_TCGA-PRAD
ACSL6,160.959076644158,-4.95265696880307,0.195566545925667,-25.3246635070475,1.70929997762329e-141,1.1109310321233e-137,Downregulated,Project_TCGA-PRAD
ACSM1,5016.99253808227,2.83797780551546,0.246511468434829,11.5125589228549,1.14043387145091e-30,6.905645846444049e-29,Upregulated,Project_TCGA-PRAD
ACTC1,1262.71417473519,-2.67795002024881,0.306188773786798,-8.74607513243935,2.20902053854762e-18,3.00149703558199e-17,Downregulated,Project_TCGA-PRAD
ADAM18,1.97602647757929,3.36755487849422,0.54793185567639,6.14593738912508,7.94926379793811e-10,3.7258352291393604e-09,Upregulated,Project_TCGA-PRAD
ADAM2,196.315952736599,3.67609375340174,0.331555613801083,11.0874121878305,1.44404875088601e-28,7.275468357823079e-27,Upregulated,Project_TCGA-PRAD
ADAMTS18,14.6170878468339,-2.515129612447,0.312922998568267,-8.03753518902285,9.16635795955839e-16,8.954190756286051e-15,Downregulated,Project_TCGA-PRAD
ADCY8,7.44088336348051,-4.80262472527297,0.393128636153836,-12.2164204883657,2.5402542469217997e-34,2.2310755543459997e-32,Downregulated,Project_TCGA-PRAD
ADGRD2,22.5530833559787,-3.03095124784568,0.287789115485801,-10.5318480955379,6.16127830079608e-26,2.27523871797201e-24,Downregulated,Project_TCGA-PRAD
ADGRG4,1.35522470315797,-2.35217673164349,0.415569276793155,-5.66013144618064,1.51257094799967e-08,6.03233960811979e-08,Downregulated,Project_TCGA-PRAD
ADRA1A,257.060130803388,-2.03276658485108,0.210441831854747,-9.65951762981305,4.47968263404461e-22,1.0086010623395101e-20,Downregulated,Project_TCGA-PRAD
ADRB3,5.88045783321379,-2.36937161184556,0.346269044889823,-6.84257413942229,7.77826256957728e-12,4.682326754603819e-11,Downregulated,Project_TCGA-PRAD
ADTRP,133.567025227624,-3.15595739397024,0.239745503269177,-13.1637813887456,1.41807166790219e-39,1.89380557402444e-37,Downregulated,Project_TCGA-PRAD
AFP,10.6001494913687,2.32413655682446,0.377190412717812,6.16170633839313,7.196521792593701e-10,3.3884999254284403e-09,Upregulated,Project_TCGA-PRAD
AGXT2,0.94153539917158,-2.64828199836617,0.481112274764433,-5.50449892317307,3.7021972482976e-08,1.40411285639577e-07,Downregulated,Project_TCGA-PRAD
AHSG,4.380233680365,3.03477301387004,0.611132122730546,4.96582146641325,6.84108689200317e-07,2.20949995395524e-06,Upregulated,Project_TCGA-PRAD
AKAP14,6.00423298653302,2.01724215582431,0.394378935602577,5.11498453319302,3.13766665164909e-07,1.05298148664121e-06,Upregulated,Project_TCGA-PRAD
AKR1B1,2743.02432491188,-3.90590256096241,0.162805531042012,-23.9912153841659,3.43456408888166e-127,1.3393426121002899e-123,Downregulated,Project_TCGA-PRAD
AKR1C4,1.12353762763143,2.4070335331636,0.607480065385628,3.96232513676909,7.42233662126091e-05,0.0001804497748645,Upregulated,Project_TCGA-PRAD
AKR1D1,6.57333644606121,2.23137135516932,0.372287183298237,5.99368298258545,2.0514109730669103e-09,9.121644504642771e-09,Upregulated,Project_TCGA-PRAD
AL354761.1,1.01925789011827,-2.56140348467193,0.529782434476963,-4.83482146251361,1.33265187255818e-06,4.13429533987898e-06,Downregulated,Project_TCGA-PRAD
ALB,214.785350737698,3.61017074668651,0.320714616275769,11.2566455143481,2.14779474194202e-29,1.17633994040409e-27,Upregulated,Project_TCGA-PRAD
AMACR,1700.02796905609,3.52053067606196,0.221257413070657,15.9114699354172,5.27600610092165e-57,1.63288201517096e-54,Upregulated,Project_TCGA-PRAD
AMELX,2.40169764663523,-2.43895222801366,0.255279346935476,-9.55405228543668,1.2472016363212901e-21,2.6289662167559502e-20,Downregulated,Project_TCGA-PRAD
AMH,98.2053853332544,3.21487391126701,0.285049977312129,11.2782815897113,1.67995468682481e-29,9.30561263741764e-28,Upregulated,Project_TCGA-PRAD
ANGPT1,776.529728471688,-2.07849604483138,0.169286434434568,-12.2779834767845,1.18925612447876e-34,1.0835568184619999e-32,Downregulated,Project_TCGA-PRAD
ANGPTL3,65.3550673680754,3.13399879878095,0.311642615089252,10.0563871788953,8.61001859326087e-24,2.38463270641194e-22,Upregulated,Project_TCGA-PRAD
ANKRD30A,34.2656219826997,5.1142228394049,0.570180766451804,8.96947624387677,2.97927713127e-19,4.53827699261738e-18,Upregulated,Project_TCGA-PRAD
ANKRD34B,422.690976592952,4.13638240803832,0.395029221068076,10.4710795744538,1.17297565072755e-25,4.14323899237061e-24,Upregulated,Project_TCGA-PRAD
ANKRD66,22.6770336731871,2.82033758546041,0.247193367094877,11.4094387669307,3.75141931312706e-30,2.18343802290601e-28,Upregulated,Project_TCGA-PRAD
ANO1,1872.63552942863,-2.86566227152398,0.15008316100116,-19.0938293970356,2.84155397886795e-81,2.91603260420881e-78,Downregulated,Project_TCGA-PRAD
ANXA10,10.2963626908287,2.58158541968255,0.299311954963366,8.62506617885852,6.405560213378269e-18,8.18450937355501e-17,Upregulated,Project_TCGA-PRAD
ANXA13,99.0685567726315,-5.54983777397878,0.292476217288412,-18.9753472109018,2.72703875929308e-80,2.53199055850936e-77,Downregulated,Project_TCGA-PRAD
AOX1,1467.81126407415,-2.43204703888231,0.179639368870294,-13.5384969017473,9.266565382972999e-42,1.45709267610651e-39,Downregulated,Project_TCGA-PRAD
APCS,1.9178538913224,3.59917899002281,1.08256070775983,3.32469021295876,0.0008851682937429,0.0018248056028125,Upregulated,Project_TCGA-PRAD
APOA2,10.2022651445428,5.2315961578701,0.899485485406668,5.81620964734615,6.01969614468103e-09,2.52847986706141e-08,Upregulated,Project_TCGA-PRAD
APOBEC3C,1573.51101351148,-2.06999348585189,0.156203778858564,-13.2518784179107,4.40049382938309e-40,6.12863062037939e-38,Downregulated,Project_TCGA-PRAD
APOBEC4,6.80663782868642,2.33679263984372,0.418939280548091,5.57787905871832,2.43468825418794e-08,9.47725126375654e-08,Upregulated,Project_TCGA-PRAD
APOC1,444.619728542839,2.41628551695071,0.200380083721238,12.0585113653918,1.74915881080686e-33,1.4035019956013302e-31,Upregulated,Project_TCGA-PRAD
APOC3,4.44593926972227,4.36335094273869,1.07270371239926,4.06761987704826,4.7495776208035e-05,0.0001189102008865,Upregulated,Project_TCGA-PRAD
APOF,448.187246419554,2.39928855309622,0.214328318259446,11.1944542493534,4.3406681859550097e-29,2.27511688950943e-27,Upregulated,Project_TCGA-PRAD
APOH,25.4918010523061,3.1925300022688,0.636724053506769,5.01399308646483,5.33119028887511e-07,1.74334562314014e-06,Upregulated,Project_TCGA-PRAD
AQP2,914.068850418406,-9.3436978082688,0.553020658403688,-16.8957482261869,4.83540868724606e-64,2.0951288574205303e-61,Downregulated,Project_TCGA-PRAD
AQP5,41.9218275452157,-2.22367347734678,0.233465292795408,-9.52464261698825,1.65610767331524e-21,3.4134024750846303e-20,Downregulated,Project_TCGA-PRAD
ARC,125.911015820688,-2.82459037574568,0.22515348804966,-12.5451770710418,4.22468940871737e-36,4.40497294605194e-34,Downregulated,Project_TCGA-PRAD
ARHGAP19-SLIT1,6.02889175070758,3.44414941998179,0.336580572356193,10.2327635723934,1.41424913171131e-24,4.2951759454995604e-23,Upregulated,Project_TCGA-PRAD
ARHGDIG,122.991296545326,2.77069354727978,0.259362023074645,10.6827264625491,1.22616587762154e-26,4.88911703105619e-25,Upregulated,Project_TCGA-PRAD
ARMC3,57.1322940370959,2.13586239553219,0.271814219048975,7.85780229969263,3.909316747924071e-15,3.51262018207481e-14,Upregulated,Project_TCGA-PRAD
ARSF,5.18875228015565,-2.19048926880514,0.27314792742776,-8.01942482021749,1.06241470057241e-15,1.0305951160079999e-14,Downregulated,Project_TCGA-PRAD
ASPA,144.893464708279,-2.10986800343929,0.188795373142614,-11.1754221955722,5.37939570648669e-29,2.80447747286304e-27,Downregulated,Project_TCGA-PRAD
ASTL,9.01905717885196,-2.32314961894751,0.241768318102392,-9.60899110843642,7.32632980406931e-22,1.59965037536107e-20,Downregulated,Project_TCGA-PRAD
ASTN1,61.02774813642,-2.02901714447622,0.255947787791994,-7.92746505832346,2.2366441910925002e-15,2.07272283450197e-14,Downregulated,Project_TCGA-PRAD
ATOH1,70.9096482951464,3.89183151992526,0.444798806273313,8.74964470460801,2.1402552157502198e-18,2.91619120871403e-17,Upregulated,Project_TCGA-PRAD
ATP10B,11.1181055113231,-2.9262242483961,0.275301071644584,-10.6291785604594,2.18024303620131e-26,8.468202932241651e-25,Downregulated,Project_TCGA-PRAD
ATP13A4,49.2237470712026,-4.58068356728632,0.265035288112789,-17.283296876818,6.28504963113372e-67,3.2248920449433e-64,Downregulated,Project_TCGA-PRAD
ATP1A4,26.349803090106,-2.69850077190049,0.216492623824132,-12.4646314698122,1.16408685207976e-35,1.15802884907404e-33,Downregulated,Project_TCGA-PRAD
ATP2B3,3.47911031925474,-2.52231258930447,0.328737353502647,-7.67272888958195,1.6837512843929402e-14,1.39227237248065e-13,Downregulated,Project_TCGA-PRAD
ATP6V0A4,44.2713649535786,-2.49504777935772,0.313395278782994,-7.96134450093415,1.7017983816733101e-15,1.60375373832122e-14,Downregulated,Project_TCGA-PRAD
ATP6V0D2,30.9388151949865,-2.08858697277266,0.230184224949039,-9.07354521464299,1.15206165582491e-19,1.8549048856543398e-18,Downregulated,Project_TCGA-PRAD
ATP6V1G3,5.17549420071425,-3.49036221334985,0.411208566631322,-8.48805812082997,2.10118484904325e-17,2.53991954039958e-16,Downregulated,Project_TCGA-PRAD
ATP8A2,777.904263702803,3.52250533013843,0.295205541445735,11.9323821391948,8.02438428701346e-33,5.9264941222798605e-31,Upregulated,Project_TCGA-PRAD
B3GNT6,589.662361063166,4.15755906580097,0.411147419115077,10.1120884444548,4.88320471700206e-24,1.3919989118729e-22,Upregulated,Project_TCGA-PRAD
BAIAP2L2,317.376940669744,2.20911483113052,0.243211868432661,9.08308811312048,1.05537118436057e-19,1.7034459729025199e-18,Upregulated,Project_TCGA-PRAD
BARHL2,2.98055886678374,2.81051538460268,0.78413173191671,3.58423880861541,0.0003380626727154,0.0007437989158887,Upregulated,Project_TCGA-PRAD
BARX1,14.2720505951446,2.41754370231522,0.314152950599868,7.69543528939957,1.4101328398502701e-14,1.17961052253696e-13,Upregulated,Project_TCGA-PRAD
BMP5,332.250785915834,-2.22411721864497,0.419390080406446,-5.30321846546656,1.13778620872045e-07,4.05345432078044e-07,Downregulated,Project_TCGA-PRAD
BRINP2,5.86550522862679,-2.04449851794863,0.268050959580861,-7.62727550442466,2.39766834049665e-14,1.94466461326971e-13,Downregulated,Project_TCGA-PRAD
BRSK2,334.023908435563,2.31270355511017,0.254446108999465,9.08916848524115,9.9799362870229e-20,1.61887518905468e-18,Upregulated,Project_TCGA-PRAD
BTN1A1,3.82875976613695,-2.09794745546434,0.249646917075605,-8.40365857523881,4.32779746134623e-17,5.007916611354819e-16,Downregulated,Project_TCGA-PRAD
C10orf82,22.8520723453952,-2.09809495126286,0.295714602672293,-7.09499947687039,1.29351974829833e-12,8.581506652712099e-12,Downregulated,Project_TCGA-PRAD
C10orf95,0.949358708032434,2.00785047724467,0.356007210697016,5.63991519529494,1.70133935945814e-08,6.74242171355992e-08,Upregulated,Project_TCGA-PRAD
C10orf99,9.11463883827131,-3.63942960486106,0.390381971984695,-9.32273994712989,1.13373982501709e-20,2.11943040346915e-19,Downregulated,Project_TCGA-PRAD
C11orf87,4.06807171935668,-2.18369746711117,0.364097411160007,-5.99756383917685,2.00299633182545e-09,8.92468520976524e-09,Downregulated,Project_TCGA-PRAD
C15orf48,865.988837716096,2.00218593437676,0.277384657424578,7.21808463729168,5.27248992572568e-13,3.66760644209059e-12,Upregulated,Project_TCGA-PRAD
C19orf81,85.5579957538481,2.24478156891343,0.290257588664684,7.73375669259998,1.04418511259578e-14,8.859669854391861e-14,Upregulated,Project_TCGA-PRAD
C1QTNF9B,22.6752038517726,2.29096019990552,0.305091293850781,7.50909726393575,5.95364802550398e-14,4.63410096611883e-13,Upregulated,Project_TCGA-PRAD
C20orf202,6.1796329467234,-2.00528401718644,0.171305889864991,-11.7058673158689,1.18936826665616e-31,7.8081826475629e-30,Downregulated,Project_TCGA-PRAD
C21orf62,49.8230309563664,-2.52641239687396,0.245846069268529,-10.2763993924769,9.00282878151949e-25,2.8085944893130704e-23,Downregulated,Project_TCGA-PRAD
C2CD4C,123.818190701877,2.33879865547301,0.193730466171451,12.0724360070613,1.47696431395035e-33,1.18999380964479e-31,Upregulated,Project_TCGA-PRAD
C2orf72,3551.01420252595,2.32221970309849,0.189134875332252,12.2781147528665,1.1873282767653299e-34,1.0835568184619999e-32,Upregulated,Project_TCGA-PRAD
C2orf88,277.940423737953,-2.36687689273546,0.184074473938073,-12.8582569983698,7.730008750161999e-38,9.0795006391963e-36,Downregulated,Project_TCGA-PRAD
C8B,1.08363350511164,2.757554730292,0.887735388282616,3.10628005449538,0.0018945719146007,0.003719702264715,Upregulated,Project_TCGA-PRAD
CA14,151.957173976774,-2.65960285192607,0.197021883047293,-13.4990225998787,1.58464461576294e-41,2.47179205745166e-39,Downregulated,Project_TCGA-PRAD
CA2,356.686487113382,-4.48544647567557,0.238314566812543,-18.8215371627023,5.03037929981503e-79,4.2644493733823204e-76,Downregulated,Project_TCGA-PRAD
CA5A,0.686469893166852,-2.16086091167115,0.336936802837386,-6.41325285179381,1.42446964451955e-10,7.31287760106429e-10,Downregulated,Project_TCGA-PRAD
CABS1,2.88800984928621,-3.10499663178224,0.440220380265773,-7.05327779215417,1.7475148016480599e-12,1.13804420850146e-11,Downregulated,Project_TCGA-PRAD
CACNA1D,3073.64094968108,2.19870320300668,0.205475803241808,10.7005456035093,1.01180683269894e-26,4.0760763685876e-25,Upregulated,Project_TCGA-PRAD
CAMKV,7.25973041295492,2.34705613076262,0.377337922742721,6.2200377680112,4.97035225804293e-10,2.38405727742487e-09,Upregulated,Project_TCGA-PRAD
CAPN6,439.230791909658,-2.20363351069031,0.235284785596369,-9.3658138799958,7.54663992181588e-21,1.4425920117212402e-19,Downregulated,Project_TCGA-PRAD
CAPZA3,0.864036286099606,-3.22557328527368,0.486406042877832,-6.63144163709297,3.3242398010888296e-11,1.85084071274275e-10,Downregulated,Project_TCGA-PRAD
CARD18,1.55102361109622,2.15849951567373,0.901803408387292,2.39353665732292,0.016686813776317,0.0278799910034815,Upregulated,Project_TCGA-PRAD
CASP14,16.9859686537419,-2.10077865161563,0.32418927543753,-6.48009916053019,9.166235686259559e-11,4.7993847242731e-10,Downregulated,Project_TCGA-PRAD
CBLIF,1.50700472824205,2.13450534105323,0.632927853900339,3.37243072476524,0.0007450782732282,0.0015552442106202,Upregulated,Project_TCGA-PRAD
CBLN4,9.88613005890864,-2.35050835694849,0.279305956811504,-8.41553249984847,3.91114143284068e-17,4.55552184334095e-16,Downregulated,Project_TCGA-PRAD
CCDC198,2.60842770448346,-3.4764167633878,0.539990558935287,-6.43792137818546,1.21120706359919e-10,6.26422157189841e-10,Downregulated,Project_TCGA-PRAD
CCDC27,10.3371979394979,-2.26875713895426,0.167058656677408,-13.580602071614,5.21956129550228e-42,8.410826953694509e-40,Downregulated,Project_TCGA-PRAD
CCDC78,254.697327095466,2.62149690526765,0.223544258318011,11.7269704218408,9.27181115667803e-32,6.1911566415379495e-30,Upregulated,Project_TCGA-PRAD
CCDC83,18.6586255926343,2.90224023576642,0.262567182382327,11.0533243699147,2.11244570940577e-28,1.04539254928918e-26,Upregulated,Project_TCGA-PRAD
CCER2,38.8758242756187,2.01196978075222,0.208845726775923,9.63376082341835,5.7582541436531e-22,1.2802102541955301e-20,Upregulated,Project_TCGA-PRAD
CCNI2,23.3779284663071,-2.38872430569372,0.233182035508155,-10.2440323092993,1.25878171005625e-24,3.8590763809240104e-23,Downregulated,Project_TCGA-PRAD
CDC20B,45.8784116513128,2.8965987501695,0.393786114458601,7.35576660480247,1.8983445699127299e-13,1.38525158773048e-12,Upregulated,Project_TCGA-PRAD
CDH16,7.38081676577106,-3.76151346145009,0.531816214665735,-7.07295745733202,1.5166599619812e-12,9.94708615151053e-12,Downregulated,Project_TCGA-PRAD
CDH8,24.5390273981892,-2.33128434374175,0.241460896101457,-9.65491465235923,4.68549269518782e-22,1.05129731381786e-20,Downregulated,Project_TCGA-PRAD
CDHR4,25.9913817562413,2.08913424576114,0.361643047858723,5.77678530841623,7.614133942035571e-09,3.14801491946161e-08,Upregulated,Project_TCGA-PRAD
CDO1,812.397397687486,-2.29594290680705,0.244418348298162,-9.39349653081797,5.8040788373905504e-21,1.12047454625189e-19,Downregulated,Project_TCGA-PRAD
CDX4,0.947292160494396,-5.02756005795194,0.616429423621617,-8.15593783374949,3.46480643027416e-16,3.5725434044148905e-15,Downregulated,Project_TCGA-PRAD
CELA3B,1.25820939394909,2.19352452767074,0.611168033544873,3.58906946580296,0.0003318604109036,0.0007311428578305,Upregulated,Project_TCGA-PRAD
CENPVL3,41.2967180735614,2.0887142442879,0.294104881250568,7.10193668124936,1.23020596026791e-12,8.19212971765839e-12,Upregulated,Project_TCGA-PRAD
CERS1,117.880229650315,2.59246959168716,0.218444211557069,11.8678795524407,1.73817450645542e-32,1.2368951287178e-30,Upregulated,Project_TCGA-PRAD
CES5A,9.02832703222292,-5.50831737687092,0.592645389153042,-9.29445749125449,1.47958804894206e-20,2.69971255583745e-19,Downregulated,Project_TCGA-PRAD
CFAP65,192.35183935553,2.1625546472935,0.166478454529037,12.989997134532,1.3943228083667301e-38,1.7653575400996398e-36,Upregulated,Project_TCGA-PRAD
CHEK1,376.140631656835,-2.3693203596125,0.13908530810263,-17.0350153580865,4.51623106766781e-65,2.1477432526192e-62,Downregulated,Project_TCGA-PRAD
CHIT1,598.859271860268,2.11652653853299,0.283530059252173,7.46491057814276,8.33562016168573e-14,6.36864897776443e-13,Upregulated,Project_TCGA-PRAD
CHP2,96.7857623575397,-2.15380392944052,0.280297997289516,-7.68397901614645,1.54221937003801e-14,1.28012742771397e-13,Downregulated,Project_TCGA-PRAD
CHRM2,28.9446588442677,-2.66209178373111,0.466808585949685,-5.70274811530148,1.17891127584467e-08,4.76007704626616e-08,Downregulated,Project_TCGA-PRAD
CHRNA4,8.95592530584765,-2.03059769067815,0.274337518865949,-7.40182275859385,1.34327718100048e-13,1.00042851318363e-12,Downregulated,Project_TCGA-PRAD
CIDEC,17.0790796365027,-2.26043647980973,0.28089361914736,-8.0473044801487,8.46374311740066e-16,8.29693631488577e-15,Downregulated,Project_TCGA-PRAD
CLC,1.84538257643447,-2.17899207321392,0.403702553055367,-5.39751868479038,6.75688389723958e-08,2.48108704761539e-07,Downregulated,Project_TCGA-PRAD
CLCA2,164.278340763788,-3.01470787571204,0.317025539220413,-9.50935335722608,1.91851373270568e-21,3.9210881300099904e-20,Downregulated,Project_TCGA-PRAD
CLCA4,146.764674233397,-2.50243452307103,0.350544962876096,-7.13869770810412,9.42192801215134e-13,6.3633097464817e-12,Downregulated,Project_TCGA-PRAD
CLDN19,6.55798242420302,-2.60592958379768,0.238056776866883,-10.9466725463349,6.89335534498035e-28,3.25439812388443e-26,Downregulated,Project_TCGA-PRAD
CLDN2,485.255967856248,-7.95763579816104,0.343637022651725,-23.1570968016042,1.23309344397985e-118,3.0053569963399e-115,Downregulated,Project_TCGA-PRAD
CLEC18B,22.5908497953546,2.17548140419287,0.19814151497225,10.979432576245,4.79928801074014e-28,2.29917733743025e-26,Upregulated,Project_TCGA-PRAD
CLPSL1,3.79234164771695,-4.06069922048988,0.565831243367329,-7.17651997497377,7.15082083750569e-13,4.89388222849021e-12,Downregulated,Project_TCGA-PRAD
CLPSL2,2.88999507860615,-3.12174690014234,0.377285516366938,-8.27422936931989,1.29289067869872e-16,1.4004879140704201e-15,Downregulated,Project_TCGA-PRAD
CLU,28081.8000195844,-2.60401821120024,0.164434258153763,-15.8362268327639,1.75012126483063e-56,5.331853815885561e-54,Downregulated,Project_TCGA-PRAD
COL10A1,436.433303681563,2.24726541782154,0.276310629713717,8.13311243273523,4.18406228489721e-16,4.26232217507449e-15,Upregulated,Project_TCGA-PRAD
COL2A1,3599.7176582711,4.99431116308031,0.412529852623906,12.1065448507881,9.75160005761626e-34,8.05663974251702e-32,Upregulated,Project_TCGA-PRAD
COL9A2,13473.951638558,2.23647019554145,0.250249724580929,8.93695367412161,4.0004598440153503e-19,6.00469330551279e-18,Upregulated,Project_TCGA-PRAD
COLEC10,13.5392562548649,-2.56961189751349,0.330825769369045,-7.76726644485491,8.01980287381358e-15,6.90680726296896e-14,Downregulated,Project_TCGA-PRAD
COMP,3002.07095006217,2.14806299273303,0.260696086258549,8.23972090859336,1.72612825451111e-16,1.84214825979516e-15,Upregulated,Project_TCGA-PRAD
COX7B2,5.85569669167405,4.76351086251493,1.20541070474489,3.95177414947801,7.7573935994207e-05,0.0001878694080257,Upregulated,Project_TCGA-PRAD
CPN1,1.68705216482944,3.23166819842517,0.719218718144679,4.49330379882449,7.01266308016376e-06,1.96540038431843e-05,Upregulated,Project_TCGA-PRAD
CPNE6,176.535478900404,-2.20475481916734,0.275582096908351,-8.00035577021016,1.2406023308159601e-15,1.19217665087479e-14,Downregulated,Project_TCGA-PRAD
CR589904.2,11.392766431184,3.92764019705377,0.605147174640589,6.49038839086788,8.561537109645529e-11,4.50804349348821e-10,Upregulated,Project_TCGA-PRAD
CRABP2,1178.53633126597,-2.00369602629416,0.198229794170962,-10.1079458548299,5.09411249607615e-24,1.45000007954004e-22,Downregulated,Project_TCGA-PRAD
CRISP1,158.619009702568,-8.84017939888523,0.522823664464392,-16.9085295860538,3.89300883514728e-64,1.7652531690163202e-61,Downregulated,Project_TCGA-PRAD
CRNN,1.06662611256343,-2.32777924899096,0.638280350464143,-3.64695426907354,0.0002653671300433,0.0005928194662677,Downregulated,Project_TCGA-PRAD
CRP,5.36769686673204,2.04574432953673,0.425342237354333,4.8096430353624,1.51200068443979e-06,4.65660864716584e-06,Upregulated,Project_TCGA-PRAD
CRTAC1,295.683113839141,-4.33688972556037,0.211593093110363,-20.4963671630734,2.31978571578372e-93,3.01541212575673e-90,Downregulated,Project_TCGA-PRAD
CRYBA4,18.6887792377656,2.80106580272384,0.482009285070509,5.81122789432178,6.201627103857711e-09,2.60097494667708e-08,Upregulated,Project_TCGA-PRAD
CRYGD,2.55148964958686,-2.23184115916816,0.49359637363786,-4.52159148317733,6.13764236194568e-06,1.73437319961184e-05,Downregulated,Project_TCGA-PRAD
CST1,719.704266390292,2.20328430754516,0.368394890155488,5.98076782936706,2.22088232833429e-09,9.83706579687914e-09,Upregulated,Project_TCGA-PRAD
CST2,388.338392388382,3.74913205003156,0.307177479670933,12.2051006279753,2.9194734667992897e-34,2.52995082914012e-32,Upregulated,Project_TCGA-PRAD
CST4,48.3177967306439,-2.35214491927294,0.35630266565866,-6.60153612638506,4.0691907532862596e-11,2.23748114234561e-10,Downregulated,Project_TCGA-PRAD
CTAG2,4.07891415208351,3.2115494304005,0.990381826381566,3.24273865377168,0.0011838675177711,0.00239898657883,Upregulated,Project_TCGA-PRAD
CXCR2,42.0110501043905,-2.64979543218479,0.222675362472221,-11.8998141633893,1.18610988375969e-32,8.6293919826666e-31,Downregulated,Project_TCGA-PRAD
CYP19A1,13.0800153487682,-4.62377615596063,0.231265088534677,-19.9934031775286,6.28589379089987e-89,7.20955041970387e-86,Downregulated,Project_TCGA-PRAD
CYP1A2,4.81744151036369,-2.05693397914834,0.346273751720558,-5.94019607009739,2.8468138454727503e-09,1.24316184454709e-08,Downregulated,Project_TCGA-PRAD
CYP4B1,737.644109233274,-2.18909283743003,0.225400175216871,-9.7120281087793,2.67951571614572e-22,6.21227080064318e-21,Downregulated,Project_TCGA-PRAD
CYP4F22,130.73927037507,-2.53389785684222,0.279535165664956,-9.06468368949074,1.24966303821469e-19,1.9988457685898297e-18,Downregulated,Project_TCGA-PRAD
CYP4F8,3326.34158909277,-4.28565058095872,0.368864658057826,-11.6184906505379,3.3194882150204303e-31,2.08785100698285e-29,Downregulated,Project_TCGA-PRAD
CYSLTR2,104.663942186377,-3.75897677108809,0.190490410170461,-19.7331549012066,1.1196022273925699e-86,1.21277801276113e-83,Downregulated,Project_TCGA-PRAD
DCAF12L1,10.3936446566366,-3.10086903592142,0.258529717745951,-11.9942460114722,3.80869543814884e-33,2.93525468984293e-31,Downregulated,Project_TCGA-PRAD
DCC,21.9652389589298,-2.53045248753072,0.259065704279455,-9.76760893368236,1.55068501178559e-22,3.67378570592897e-21,Downregulated,Project_TCGA-PRAD
DCHS2,79.4958302216188,-2.14283530224935,0.199486992505027,-10.7417294498304,6.48186203654233e-27,2.69474085263331e-25,Downregulated,Project_TCGA-PRAD
DDX53,1.13446901294564,2.23586017996046,0.866431431956121,2.5805390911461,0.0098646187220489,0.0171426324280312,Upregulated,Project_TCGA-PRAD
DEFA5,17.4794541543086,4.75322784248905,1.14861357554137,4.13823059704716,3.49994515465586e-05,8.93569865463926e-05,Upregulated,Project_TCGA-PRAD
DEFA6,6.19257621593187,4.17966387522093,1.02593063089376,4.07402191664725,4.62081301910008e-05,0.0001158649848847,Upregulated,Project_TCGA-PRAD
DEFB129,2.62945282284342,-5.24130467017884,0.503050684014851,-10.4190389492127,2.0299398132709502e-25,6.89542970020157e-24,Downregulated,Project_TCGA-PRAD
DEFB131A,5.92074784046163,-8.97543407295102,1.08143415061281,-8.29956596790009,1.04492435249348e-16,1.14847435315208e-15,Downregulated,Project_TCGA-PRAD
DEFB132,209.36588205093,-2.36391405729771,0.200598479011946,-11.7843069844859,4.70272255931987e-32,3.21732226181119e-30,Downregulated,Project_TCGA-PRAD
DEFB134,1.30631286758009,-2.69323754966114,0.380278966942076,-7.08226797637055,1.41814080369424e-12,9.347839550517339e-12,Downregulated,Project_TCGA-PRAD
DIO1,69.0588314049025,2.5649920259794,0.295830394625512,8.67048171039488,4.30296069541508e-18,5.61032235679084e-17,Upregulated,Project_TCGA-PRAD
DLL3,29.5360920641613,2.02971296863437,0.238280296776509,8.51817374786175,1.620889090039e-17,1.98767896085411e-16,Upregulated,Project_TCGA-PRAD
DLX1,1942.2100677511,2.94672245414552,0.268779223962255,10.9633565076419,5.73327170743551e-28,2.72652028662384e-26,Upregulated,Project_TCGA-PRAD
DLX2,171.260241252411,3.21010691647762,0.263112634182592,12.2005046487046,3.08903531021795e-34,2.6650447114437903e-32,Upregulated,Project_TCGA-PRAD
DMBT1,54.3028173972804,-2.26976914740497,0.310192687260276,-7.31728773960572,2.53032917982427e-13,1.82659601437296e-12,Downregulated,Project_TCGA-PRAD
DMBX1,6.51746910093505,2.07897942566429,0.302223168782906,6.87895449589992,6.02934141106117e-12,3.6737530885272095e-11,Upregulated,Project_TCGA-PRAD
DMRT2,8.87857300440979,-3.03198688329205,0.299825681110838,-10.1124989429148,4.86278243387389e-24,1.38820690916066e-22,Downregulated,Project_TCGA-PRAD
DMRTC2,4.81181424182655,2.01847861103744,0.468479334874689,4.30857555665151,1.64309345903169e-05,4.38623169006023e-05,Upregulated,Project_TCGA-PRAD
DNAH5,2357.45153665901,2.2927699787335,0.182440677541329,12.5672081995755,3.1981919426280696e-36,3.40755991788864e-34,Upregulated,Project_TCGA-PRAD
DNAH8,1506.38689664489,2.21357654325258,0.276041552955475,8.01899757320094,1.0661161277728502e-15,1.0336714201549e-14,Upregulated,Project_TCGA-PRAD
DPP6,54.6201437710182,-2.23454052705733,0.27500550977691,-8.12543911891087,4.45745685323273e-16,4.5261468484812205e-15,Downregulated,Project_TCGA-PRAD
DSG4,8.2009150909605,-2.52034972754221,0.395125715923499,-6.3786021156623,1.7871166612471e-10,9.09321520380897e-10,Downregulated,Project_TCGA-PRAD
DUOX1,880.450665987159,-2.16844636161942,0.184888283194099,-11.7284141761593,9.11503688071266e-32,6.107387941585409e-30,Downregulated,Project_TCGA-PRAD
DUOX2,321.013643599216,-2.61521737531317,0.26788642495258,-9.76241097612955,1.6322779710605598e-22,3.85577941357994e-21,Downregulated,Project_TCGA-PRAD
DUOXA1,241.66420995032,-2.18663606707513,0.221309747199365,-9.88043271815461,5.0613871782621403e-23,1.27667434931119e-21,Downregulated,Project_TCGA-PRAD
DUOXA2,29.8710533141909,-2.75194264430422,0.295284151195213,-9.31964222653081,1.1673325578173201e-20,2.1759703835872e-19,Downregulated,Project_TCGA-PRAD
DUSP2,986.091518171604,-2.41125046543857,0.196765919934943,-12.25441105978,1.59100982781398e-34,1.43618100105171e-32,Downregulated,Project_TCGA-PRAD
DYTN,31.5223346366892,4.37189543320096,0.503391399847568,8.68488304433651,3.7913226473230395e-18,4.96462115362691e-17,Upregulated,Project_TCGA-PRAD
EBF2,195.14620869265,2.23115016402416,0.215178900453646,10.3688147830498,3.43761856933175e-25,1.13604554008187e-23,Upregulated,Project_TCGA-PRAD
EDDM3A,98.3558554380945,-10.1663222903154,1.21819396881212,-8.34540520688076,7.097012571728821e-17,7.98946600020604e-16,Downregulated,Project_TCGA-PRAD
EDDM3B,19.8337608650523,-9.68011607233172,1.16525608033182,-8.30728647180728,9.791536149054841e-17,1.07800887540526e-15,Downregulated,Project_TCGA-PRAD
EFNA2,37.4801352887136,3.05383056051775,0.275934297549299,11.0672380622497,1.8088998026159498e-28,9.04357137215532e-27,Upregulated,Project_TCGA-PRAD
ELAVL2,200.186018916851,2.25901465563657,0.238395513305942,9.47591095281013,2.64443132935076e-21,5.28832021124934e-20,Upregulated,Project_TCGA-PRAD
ELSPBP1,1.41447094624635,-2.98015424814811,0.535025186097951,-5.57011954873188,2.54564604808804e-08,9.87761326281007e-08,Downregulated,Project_TCGA-PRAD
EMX2,239.768501623757,-6.80782257492621,0.28987371513566,-23.4854773629274,5.7406899044657e-122,1.8655328626212002e-118,Downregulated,Project_TCGA-PRAD
ENPP3,504.286907672481,-2.023847832813,0.239057169330844,-8.46595748823617,2.5405682824632302e-17,3.01680879241584e-16,Downregulated,Project_TCGA-PRAD
EPGN,14.5536050876823,-2.1102590679287,0.250972882572499,-8.40831505897497,4.1594261751135e-17,4.82453846296033e-16,Downregulated,Project_TCGA-PRAD
EPHA10,574.611137928934,2.14221450173326,0.118932448512184,18.0120272350552,1.5678012639107599e-72,9.86096420765547e-70,Upregulated,Project_TCGA-PRAD
EPHA8,34.7645331288155,3.03943152794363,0.26985453586801,11.2632219360962,1.9933494325962e-29,1.09482611934537e-27,Upregulated,Project_TCGA-PRAD
EPHB1,123.100016240834,-2.10627464772557,0.198923644734841,-10.5883574098653,3.37461356611685e-26,1.28512139281536e-24,Downregulated,Project_TCGA-PRAD
EPPIN,1.63541476253701,-2.74429473054837,0.437935020007407,-6.26644274874833,3.69389106187944e-10,1.8005871981131301e-09,Downregulated,Project_TCGA-PRAD
ERG,6509.99583606389,2.45626376429492,0.29188123657822,8.41528490522437,3.91941148768553e-17,4.56242896638164e-16,Upregulated,Project_TCGA-PRAD
ERVH48-1,556.987992074028,3.78852496529681,0.309677262932372,12.2337847132295,2.0515236669312e-34,1.81820947535566e-32,Upregulated,Project_TCGA-PRAD
EVA1A,51.7227046065834,-2.64017875836822,0.161236955692061,-16.3745262184841,2.90762759287194e-60,1.04986894084846e-57,Downregulated,Project_TCGA-PRAD
EVX2,55.6502685514325,-2.23113701234477,0.244080910628973,-9.14097299373122,6.18929247279791e-20,1.02705382667756e-18,Downregulated,Project_TCGA-PRAD
F12,129.401655033354,2.00176519223067,0.187319034758929,10.6863949774611,1.1786362834113399e-26,4.70923160941685e-25,Upregulated,Project_TCGA-PRAD
F2RL2,82.8716805172289,2.07273873549747,0.206788240678975,10.0234845496619,1.2018918243202e-23,3.28674429040607e-22,Upregulated,Project_TCGA-PRAD
FABP5,1183.29507508938,3.23120129980453,0.287577789658455,11.2359209090594,2.71646428787215e-29,1.4631386929539e-27,Upregulated,Project_TCGA-PRAD
FAM110C,450.2385881364,-2.2227774229899,0.197842690291487,-11.2350747946008,2.7426149224238697e-29,1.4731544285790799e-27,Downregulated,Project_TCGA-PRAD
FAM163A,10.315755430469,-2.13570818943764,0.274273409255601,-7.78678543878575,6.87355302452634e-15,5.97239469127516e-14,Downregulated,Project_TCGA-PRAD
FAM163B,12.6347737720519,-2.86436294661329,0.281221161912674,-10.1854459569538,2.30301500649867e-24,6.855601007131451e-23,Downregulated,Project_TCGA-PRAD
FAM167A,237.78372825151,-2.95546471164224,0.208066241757782,-14.2044412715582,8.598571222214541e-46,1.72634987384278e-43,Downregulated,Project_TCGA-PRAD
FAM83A,48.6941363083497,-5.17124937724999,0.314470356533485,-16.4443142884895,9.21210975673378e-61,3.4541868468614405e-58,Downregulated,Project_TCGA-PRAD
FAM83B,99.3653665026092,-2.03283667004635,0.232041153871331,-8.76067299326386,1.94088088782587e-18,2.65753479991775e-17,Downregulated,Project_TCGA-PRAD
FAM83C,12.3757317456781,-2.88279939620093,0.346182444863795,-8.32739914739224,8.263775033210891e-17,9.22307301645941e-16,Downregulated,Project_TCGA-PRAD
FBP2,17.4338615185678,-2.06276920862444,0.236710977519033,-8.71429466535232,2.92574478466272e-18,3.89925986407066e-17,Downregulated,Project_TCGA-PRAD
FEZF1,6.70549611983936,3.09517122947066,0.382443763978149,8.09314079872802,5.81455866665443e-16,5.8169453505607e-15,Upregulated,Project_TCGA-PRAD
FEZF2,3.02339417934637,3.6989842905108,0.651488318842246,5.67774460957984,1.36482279018996e-08,5.46209252116662e-08,Upregulated,Project_TCGA-PRAD
FGA,8.61177304976077,2.25635095957814,0.919549958262203,2.45375570876243,0.0141372986105114,0.0239195633727656,Upregulated,Project_TCGA-PRAD
FGB,18.4257746675768,3.50826058673434,0.693918662131253,5.05572306696481,4.28763136720561e-07,1.416233040789e-06,Upregulated,Project_TCGA-PRAD
FGL1,111.300451687011,2.87211990038039,0.316072773306458,9.08689435769792,1.0190832685770601e-19,1.64896975690585e-18,Upregulated,Project_TCGA-PRAD
FNDC10,465.056217757089,2.15914244544044,0.167072665262644,12.9233734438018,3.32248693725455e-38,4.0743302077100094e-36,Upregulated,Project_TCGA-PRAD
FOLR1,69.4631210320183,-2.30606360214593,0.243318043017617,-9.47756924865189,2.60275243869732e-21,5.2156697892826703e-20,Downregulated,Project_TCGA-PRAD
FOXB1,2.83261117455233,2.50707597926805,0.439692283671509,5.70188759814823,1.18487952830697e-08,4.78021540304766e-08,Upregulated,Project_TCGA-PRAD
FOXB2,38.1135164654805,4.12352435745006,0.43456455197146,9.48886497700548,2.33563468803407e-21,4.73883508296445e-20,Upregulated,Project_TCGA-PRAD
FOXD1,90.47257455966,3.35640432129986,0.286798647270055,11.7029991363223,1.23027080389381e-31,8.02268231917104e-30,Upregulated,Project_TCGA-PRAD
FOXG1,3.00108177431031,3.5080685655531,0.764770987176452,4.58708374712926,4.49480410504317e-06,1.29644512485402e-05,Upregulated,Project_TCGA-PRAD
FOXI1,109.144452708308,-2.15996999758109,0.391838743536043,-5.51239517075067,3.53983030704488e-08,1.34724987949953e-07,Downregulated,Project_TCGA-PRAD
FOXI2,9.62857457449077,-2.36489701599094,0.237560392693224,-9.95492973041544,2.3999236139704602e-23,6.3578411175538e-22,Downregulated,Project_TCGA-PRAD
FOXL2,106.551920372885,2.35446419884936,0.272750713328912,8.63229345988948,6.0133863123891895e-18,7.718828592426891e-17,Upregulated,Project_TCGA-PRAD
FOXN4,27.3416910951733,2.80363184956428,0.26722137395542,10.4917949042205,9.42212395680607e-26,3.36469913754221e-24,Upregulated,Project_TCGA-PRAD
FOXQ1,445.891532949706,-2.02733803280259,0.197825776744249,-10.2480984337221,1.20694570287508e-24,3.7235802713066804e-23,Downregulated,Project_TCGA-PRAD
FRMD3,265.121370275102,-2.26670870679702,0.134957125736321,-16.7957689853717,2.62085500562672e-63,1.0872644872278701e-60,Downregulated,Project_TCGA-PRAD
FUT3,65.9923370011526,-4.14407727661013,0.252927738282752,-16.3844317936272,2.47066908769339e-60,9.089265258838831e-58,Downregulated,Project_TCGA-PRAD
FUT6,39.3929238642685,-2.31919298341537,0.43341917570525,-5.35092380174836,8.7506364840442e-08,3.16784088685284e-07,Downregulated,Project_TCGA-PRAD
G0S2,345.058153114473,-2.3083731163378,0.158913368007318,-14.5259844737007,8.29420606779991e-48,1.8588555162064702e-45,Downregulated,Project_TCGA-PRAD
GAL,177.67942119016,2.37566210192813,0.2104761015185,11.28708715521,1.51990489112786e-29,8.49143425994585e-28,Upregulated,Project_TCGA-PRAD
GAS2L2,22.6740599859112,-2.46972090257477,0.334737957184816,-7.3780724580666,1.6059756576751299e-13,1.1834207624092899e-12,Downregulated,Project_TCGA-PRAD
GATA3,713.47224076101,-2.23481638826197,0.19905413313826,-11.2271790242592,2.99901083250743e-29,1.59766975989699e-27,Downregulated,Project_TCGA-PRAD
GC,30.47423841467,3.90326970989648,0.689771113358577,5.65878975547554,1.52444167093785e-08,6.07471156753447e-08,Upregulated,Project_TCGA-PRAD
GCNT4,132.940440129891,-2.45090466422797,0.150127920843745,-16.3254419994193,6.50677366462025e-60,2.3067104165957398e-57,Downregulated,Project_TCGA-PRAD
GJA3,85.353223308987,2.00856961154239,0.267241794411827,7.51592622689521,5.6509413914119605e-14,4.41081085867696e-13,Upregulated,Project_TCGA-PRAD
GJB4,22.707009739012,-2.09203689357757,0.244562807953935,-8.5541906845117,1.18698553911085e-17,1.47624407178994e-16,Downregulated,Project_TCGA-PRAD
GKN1,0.618312522759564,-2.57073669284494,0.740549033099211,-3.47139295029036,0.0005177657256844,0.0011071941346124,Downregulated,Project_TCGA-PRAD
GLIS3,441.269161417423,-2.12633644116158,0.145278610929333,-14.6362663268847,1.6487704743634e-48,3.82711032251638e-46,Downregulated,Project_TCGA-PRAD
GLYATL1B,26.047406613695,2.23588542967998,0.236240764537121,9.46443529363302,2.95151519151836e-21,5.866324485649841e-20,Upregulated,Project_TCGA-PRAD
GLYATL3,15.3806697479621,6.46091500822599,0.822436182889853,7.85582534261055,3.97148174274982e-15,3.55863745496948e-14,Upregulated,Project_TCGA-PRAD
GMNC,174.325393804731,2.21089436761478,0.298440969464004,7.40814631310679,1.28076958821138e-13,9.5679867551515e-13,Upregulated,Project_TCGA-PRAD
GNAO1,648.188101515117,-2.50888511292947,0.163518439780262,-15.3431326540355,3.93726800526678e-53,1.06623404953739e-50,Downregulated,Project_TCGA-PRAD
GNG13,38.3145607240079,2.72029872127981,0.272366686303014,9.9876337969373,1.7265384389164302e-23,4.64973017707078e-22,Upregulated,Project_TCGA-PRAD
GPD1,42.2766507273861,-2.44111092169576,0.220769003765497,-11.057308227421,2.02070990514407e-28,1.00509698292089e-26,Downregulated,Project_TCGA-PRAD
GPR149,11.1696921939578,-3.71118465752716,0.683326928258512,-5.43105284462486,5.6022540334002e-08,2.08022755938368e-07,Downregulated,Project_TCGA-PRAD
GPRC6A,6.20853532954251,-2.52963937883432,0.377967824390507,-6.69273735909531,2.1903405795252e-11,1.24510963905488e-10,Downregulated,Project_TCGA-PRAD
GPX2,282.598441294431,-2.54149640535943,0.238656669171612,-10.6491740380903,1.7591897829740099e-26,6.8876872265918e-25,Downregulated,Project_TCGA-PRAD
GPX6,0.809656953679112,-4.29562679567001,0.653882144332111,-6.56942054910776,5.05114374349189e-11,2.7441404488884e-10,Downregulated,Project_TCGA-PRAD
GRIN3A,1267.10635070866,2.57701738043789,0.310832624088579,8.29069145490826,1.12592004167876e-16,1.23263273288335e-15,Upregulated,Project_TCGA-PRAD
GRPR,130.440978937392,2.0709943873839,0.27599494358173,7.50374032403467,6.20221130740008e-14,4.81057114149497e-13,Upregulated,Project_TCGA-PRAD
GRXCR1,17.5254696704974,-7.41709404255498,0.837296436592553,-8.85838481857089,8.118205759122881e-19,1.1742490793128901e-17,Downregulated,Project_TCGA-PRAD
GSTA2,26.7106483462608,-2.00160068813661,0.372161492194348,-5.37831218467745,7.51873609920032e-08,2.74944329449002e-07,Downregulated,Project_TCGA-PRAD
GSTA3,10.689501246872,2.02528059438115,0.355769915198387,5.69266963804907,1.25068234911775e-08,5.03007517390635e-08,Upregulated,Project_TCGA-PRAD
GSTM1,419.834584911816,-3.23088044235215,0.489724505375068,-6.59734280578363,4.18592128607623e-11,2.29777852578588e-10,Downregulated,Project_TCGA-PRAD
GSTM3,1999.33805805164,-2.30767882272498,0.138809867556988,-16.6247462326666,4.613156919439259e-62,1.8356598696985001e-59,Downregulated,Project_TCGA-PRAD
GSTP1,6295.05498097729,-2.07797066924197,0.167559630636029,-12.4013801018439,2.56861073359347e-35,2.50413860418028e-33,Downregulated,Project_TCGA-PRAD
H1-4,114.879732392648,2.19010847561073,0.222798835478769,9.8299817003282,8.363397091757961e-23,2.04604161223459e-21,Upregulated,Project_TCGA-PRAD
H1-5,3.25680111259816,2.53820172633005,0.358697488269738,7.07616253064292,1.48201036248206e-12,9.73921066655718e-12,Upregulated,Project_TCGA-PRAD
H2AC12,2.12181058233217,2.06003569171517,0.349185162437518,5.89955105003576,3.6449198905454102e-09,1.56988398555013e-08,Upregulated,Project_TCGA-PRAD
H2AC14,1.59684202562689,2.5240912779948,0.404637235286156,6.23791153626726,4.43451298257161e-10,2.1396717182425503e-09,Upregulated,Project_TCGA-PRAD
H2AC4,3.15136725486609,2.50759740592026,0.348772494636545,7.18977971165247,6.4895941104324e-13,4.46087673848322e-12,Upregulated,Project_TCGA-PRAD
H2BC14,4.61052516600644,3.27113384883728,0.449056459647776,7.2844600685692,3.22961114860385e-13,2.29904922144863e-12,Upregulated,Project_TCGA-PRAD
H3C11,1.14047205831251,2.24965143507289,0.586880231524393,3.83323771057943,0.0001264676362989,0.0002961289747276,Upregulated,Project_TCGA-PRAD
H3C2,4.08791669508207,2.38605030408438,0.36535371567275,6.53079523138497,6.542139204963989e-11,3.5005112573652e-10,Upregulated,Project_TCGA-PRAD
H4C2,9.1113537021097,2.71972239159194,0.317692568984624,8.56086247243501,1.12026275407095e-17,1.40108294925435e-16,Upregulated,Project_TCGA-PRAD
H4C4,31.5745419604499,2.0344246289587,0.215497485630307,9.44059566638668,3.70666154813118e-21,7.307632645648311e-20,Upregulated,Project_TCGA-PRAD
H4C5,279.687509714312,2.26591634513015,0.246915497923237,9.17688992464376,4.4372149307714004e-20,7.54287852835055e-19,Upregulated,Project_TCGA-PRAD
HABP2,33.6720944276378,2.39197647030028,0.314731952229939,7.60004331734562,2.96031642471292e-14,2.3723900390075e-13,Upregulated,Project_TCGA-PRAD
HAO1,37.4357829160545,3.37585458095504,0.394272881920883,8.56222868919617,1.10706330730913e-17,1.38724423945458e-16,Upregulated,Project_TCGA-PRAD
HBQ1,6.78966743942919,2.88390705249191,0.349826275244666,8.2438263120028,1.66789217857428e-16,1.78586280603192e-15,Upregulated,Project_TCGA-PRAD
HCAR2,113.726989848366,-2.04775726524125,0.179595297269124,-11.4020650672867,4.08317043081093e-30,2.3624230581588e-28,Downregulated,Project_TCGA-PRAD
HCAR3,17.6681389751646,-2.2694491859748,0.237724957035164,-9.54653316285638,1.34109051956316e-21,2.7966398877478503e-20,Downregulated,Project_TCGA-PRAD
HELT,3.08926444375944,3.04801491858683,0.522054957540849,5.83849434730888,5.2674669679633305e-09,2.2283591004849e-08,Upregulated,Project_TCGA-PRAD
HJURP,230.558779133854,2.02917584736649,0.189556521130236,10.7048590851292,9.65774882035434e-27,3.9067798028894e-25,Upregulated,Project_TCGA-PRAD
HMX1,5.65254615609267,3.17055922119409,0.527912142810438,6.00584635980342,1.90336368629367e-09,8.506024560016941e-09,Upregulated,Project_TCGA-PRAD
HNF1A,48.4393348674152,2.86875231461893,0.404098994488381,7.09913252382866,1.25542383965495e-12,8.345807714146689e-12,Upregulated,Project_TCGA-PRAD
HOXB4,69.4789640990238,-2.01545333224659,0.193869626522923,-10.3959210547522,2.5877459451067403e-25,8.68431504951655e-24,Downregulated,Project_TCGA-PRAD
HOXB5,40.7201352836406,-3.52518139142397,0.29862086005423,-11.804873212085,3.68345767584027e-32,2.55587394176276e-30,Downregulated,Project_TCGA-PRAD
HOXB6,46.6731953091137,-4.33166360419209,0.271106403754053,-15.977725144854,1.8269236043381598e-57,5.7453800705460395e-55,Downregulated,Project_TCGA-PRAD
HOXB7,141.425901016122,-2.57896933007809,0.190189662917672,-13.5599868600348,6.914847572855939e-42,1.1051286719307e-39,Downregulated,Project_TCGA-PRAD
HOXB8,109.720382692058,-6.29963282260024,0.270316503989933,-23.3046548383699,3.9767514258606705e-120,1.10769570430616e-116,Downregulated,Project_TCGA-PRAD
HOXB9,116.479557532143,-3.77846756847669,0.243942773806217,-15.4891555487445,4.10648787078194e-54,1.17747500741921e-51,Downregulated,Project_TCGA-PRAD
HOXC12,21.6671940693609,4.5275881524948,0.503965348370182,8.98392750044613,2.6126992804300503e-19,4.01121343069488e-18,Upregulated,Project_TCGA-PRAD
HOXC13,10.1280804712655,3.18125284048343,0.393054629189215,8.09366587806293,5.78953614805029e-16,5.7948858221090604e-15,Upregulated,Project_TCGA-PRAD
HOXC4,307.721826203579,2.27978149396238,0.194800253367054,11.7031751989905,1.22772025955869e-31,8.02268231917104e-30,Upregulated,Project_TCGA-PRAD
HOXC5,3.77117283702946,2.31708205338384,0.302223814205055,7.66677523238365,1.76374456974298e-14,1.4547162276162699e-13,Upregulated,Project_TCGA-PRAD
HOXC6,612.285813149895,2.91050348010223,0.189181234971199,15.3847366550141,2.07217856572151e-53,5.6906109400617e-51,Upregulated,Project_TCGA-PRAD
HOXD3,60.9201797467345,-2.24967383914229,0.182531905305768,-12.3248252702658,6.65876579344488e-35,6.27210702611538e-33,Downregulated,Project_TCGA-PRAD
HPCAL4,17.8775638789821,-2.0284491189168,0.233687125718511,-8.68019199893871,3.95101274950831e-18,5.16679051575539e-17,Downregulated,Project_TCGA-PRAD
HPN,12251.9756637353,2.49572581781152,0.148175560462536,16.8430327512919,1.18029195272678e-63,5.0028983683188505e-61,Upregulated,Project_TCGA-PRAD
HRG,2.27755908998716,3.04449670928527,0.66598199565266,4.57143996257988,4.84384075884998e-06,1.39115049515477e-05,Upregulated,Project_TCGA-PRAD
HS3ST5,17.9208236973155,-4.9857376037592,0.322146037663019,-15.4766379866963,4.98871379304718e-54,1.40970929763527e-51,Downregulated,Project_TCGA-PRAD
HSD17B13,300.690913205823,-2.60690201498378,0.301986922129411,-8.63249970098585,6.002550076784559e-18,7.70999482194633e-17,Downregulated,Project_TCGA-PRAD
HSPA6,463.007315428607,-3.58515857603909,0.301704855083346,-11.8829992810314,1.45067107761019e-32,1.0437337517064e-30,Downregulated,Project_TCGA-PRAD
HTR1A,1.007101306735,-3.11143529013803,0.516178982153401,-6.027822514504,1.6618339957463102e-09,7.479787453615331e-09,Downregulated,Project_TCGA-PRAD
HTR1E,2.79013601876637,-2.31495949389361,0.377203502162871,-6.13716331004278,8.40080147754444e-10,3.925205540598171e-09,Downregulated,Project_TCGA-PRAD
IAPP,13.3793740204506,3.43015353639378,0.498739969691108,6.87763914032843,6.08525774677308e-12,3.70550766853784e-11,Upregulated,Project_TCGA-PRAD
IBSP,4.84226978956891,2.12174580250042,0.532634000372688,3.98349673700105,6.79086044177688e-05,0.0001661332457889,Upregulated,Project_TCGA-PRAD
IGFBP1,2.14374651286468,2.1764516869564,0.539705513668907,4.03266528103619,5.51478022192971e-05,0.0001369947569973,Upregulated,Project_TCGA-PRAD
IGSF1,129.921773849831,-2.23696657479433,0.237340640778672,-9.42513076334184,4.29569977289895e-21,8.426313296980241e-20,Downregulated,Project_TCGA-PRAD
IL1A,3.67979825179482,-2.03582782992841,0.275396423327788,-7.39235392140617,1.4425194158261199e-13,1.0698457044419099e-12,Downregulated,Project_TCGA-PRAD
IL1F10,1.51407896922438,2.44853532708173,0.421749620718688,5.80566100547827,6.41125617381573e-09,2.68542798876604e-08,Upregulated,Project_TCGA-PRAD
IL1RL1,76.0813486013556,-2.18765002864592,0.233942738429499,-9.35122006065253,8.66424346532517e-21,1.64654404568139e-19,Downregulated,Project_TCGA-PRAD
IL20,6.86693611370978,-2.78614048905967,0.331105754507169,-8.4146543849915,3.9405498453044e-17,4.58429838208503e-16,Downregulated,Project_TCGA-PRAD
IL36RN,15.9331786399037,3.0375717650778,0.37161581540662,8.173957186817,2.98435756924544e-16,3.1017592689311103e-15,Upregulated,Project_TCGA-PRAD
INSM2,3.8872976469836,2.54472774238972,0.410078874635584,6.20545924159367,5.45374051036714e-10,2.6056611730247103e-09,Upregulated,Project_TCGA-PRAD
INSYN2B,40.8913468544022,-2.09729675673349,0.278883886551483,-7.52032246347196,5.46413052849048e-14,4.26841414441136e-13,Downregulated,Project_TCGA-PRAD
ISG15,3164.14051246085,2.05588744688062,0.244579248669177,8.40581307722246,4.24907439994544e-17,4.91974184383231e-16,Upregulated,Project_TCGA-PRAD
ITLN1,25.0952259017131,-2.72887019618331,0.294931044203626,-9.25257021875001,2.1915813735767e-20,3.909556598536e-19,Downregulated,Project_TCGA-PRAD
IVL,10.4464916300541,-2.22222903543719,0.398146009706867,-5.58144243885124,2.38531998628382e-08,9.29807458867692e-08,Downregulated,Project_TCGA-PRAD
JPH4,765.683096687133,-2.07235959608442,0.20000092431333,-10.3617500929034,3.70126962188763e-25,1.21904316026292e-23,Downregulated,Project_TCGA-PRAD
KCNA4,6.1663972319809,-2.40980653858788,0.311333428232206,-7.74027560185583,9.920154155516041e-15,8.43537574026392e-14,Downregulated,Project_TCGA-PRAD
KCNF1,16.4069045038707,-2.07012228873111,0.210781254766341,-9.82118780451286,9.12618008708497e-23,2.21321218082068e-21,Downregulated,Project_TCGA-PRAD
KCNG3,205.411512316279,3.03601975902356,0.264846682908166,11.463310492268,2.0165656172805596e-30,1.20241579222436e-28,Upregulated,Project_TCGA-PRAD
KCNH5,8.86043215511789,-3.22771177491329,0.348253842053675,-9.26827326837017,1.89183680948756e-20,3.3965961428534503e-19,Downregulated,Project_TCGA-PRAD
KCNJ1,5.17677145225973,-2.82051870980304,0.261973763806856,-10.766416715998,4.9592852099214996e-27,2.1020900657184603e-25,Downregulated,Project_TCGA-PRAD
KCNJ13,7.29948931987519,-2.46517208988311,0.33092629829654,-7.44930850939533,9.38307223945909e-14,7.12149250778409e-13,Downregulated,Project_TCGA-PRAD
KCNJ15,199.312043032692,-3.30222680135312,0.219169594501603,-15.0669932517896,2.66990147306217e-51,6.7607453145151e-49,Downregulated,Project_TCGA-PRAD
KCNJ16,130.466568576982,-5.36288900646274,0.390041937749832,-13.7495189296861,5.12692967024373e-43,8.768848658808099e-41,Downregulated,Project_TCGA-PRAD
KCNJ5,415.067127749205,-3.14726222352377,0.169136676442612,-18.6078045857289,2.7776810961203296e-77,2.1663690404861702e-74,Downregulated,Project_TCGA-PRAD
KCNK10,5.90254461880248,-2.05164655143778,0.276174435690475,-7.42880689267409,1.09581586516255e-13,8.26546140771351e-13,Downregulated,Project_TCGA-PRAD
KCNS1,92.8550040931577,-2.69957237043874,0.244276319776469,-11.0513060492685,2.16048608767951e-28,1.06645968955886e-26,Downregulated,Project_TCGA-PRAD
KCP,90.2284680100079,-3.01021880202476,0.164732343309688,-18.2733927141782,1.3480325696573401e-74,8.76131301439292e-72,Downregulated,Project_TCGA-PRAD
KIRREL3,26.8657954870723,-3.04321592636918,0.175033539571236,-17.3864730943788,1.0446823692496e-67,5.8197762387510706e-65,Downregulated,Project_TCGA-PRAD
KISS1R,6.16976618470083,3.31261461182171,0.36701721279121,9.02577453146917,1.7842864250909902e-19,2.8079109537065497e-18,Upregulated,Project_TCGA-PRAD
KLHL14,142.305998408778,-4.27178045150012,0.193270029155629,-22.1026533196221,2.9802957731936e-108,5.81098069857289e-105,Downregulated,Project_TCGA-PRAD
KLHL4,25.4114289157373,-2.09050756539357,0.177696963990897,-11.7644529115346,5.95108600742693e-32,4.05714248156679e-30,Downregulated,Project_TCGA-PRAD
KLK12,394.268480590516,2.46617916532692,0.309992838206507,7.95560045707906,1.78264810031739e-15,1.67670393921796e-14,Upregulated,Project_TCGA-PRAD
KLK14,224.160361843378,2.13734349014013,0.281182421228975,7.60126995421109,2.93238676965534e-14,2.35194065136733e-13,Upregulated,Project_TCGA-PRAD
KLK15,405.844549212724,2.01563715124304,0.216258899554113,9.32048186409401,1.15813121149643e-20,2.1608844365318e-19,Upregulated,Project_TCGA-PRAD
KNG1,5.70236627355219,2.18191303304462,0.452937413039166,4.81725061836734,1.45549829087162e-06,4.49395180925017e-06,Upregulated,Project_TCGA-PRAD
KRT13,1568.87126288688,-3.00440825214639,0.378679331443097,-7.93391136689978,2.12349671116223e-15,1.97255544898719e-14,Downregulated,Project_TCGA-PRAD
KRT16,215.760114338945,-2.43209020308659,0.27033151053362,-8.9966951994822,2.32614243449092e-19,3.60247221506782e-18,Downregulated,Project_TCGA-PRAD
KRT20,22.8033551826852,3.03410052111533,0.342922563970885,8.84777159595989,8.928414817658851e-19,1.2819310170450101e-17,Upregulated,Project_TCGA-PRAD
KRT222,15.0057454818418,-2.39569928519342,0.248929226604895,-9.62401770924199,6.33088998067475e-22,1.39954300275733e-20,Downregulated,Project_TCGA-PRAD
KRT24,10.7405993622342,-5.09387766887386,0.388011494745666,-13.1281617628694,2.2710257893490402e-39,2.97957383202423e-37,Downregulated,Project_TCGA-PRAD
KRT27,1.4092311003086,-2.47150687830593,0.32566927404125,-7.58900846750708,3.22362698064035e-14,2.57406062493137e-13,Downregulated,Project_TCGA-PRAD
KRT3,0.507465244834369,-2.29911956045338,0.463531616506537,-4.96000591670742,7.04910325750916e-07,2.27329499363072e-06,Downregulated,Project_TCGA-PRAD
KRT4,360.854759987487,-2.15399691231528,0.3144906555011,-6.84916029979704,7.42847214093783e-12,4.48283348201813e-11,Downregulated,Project_TCGA-PRAD
KRT72,7.20971092368642,3.30450349661663,0.445240243491296,7.42184370106523,1.15501069903531e-13,8.69849308991522e-13,Upregulated,Project_TCGA-PRAD
KRT73,2.33169034627055,2.95812706960228,0.481761193646946,6.14023526305467,8.239935262736381e-10,3.8537360938554604e-09,Upregulated,Project_TCGA-PRAD
KRTAP13-2,44.8335033077608,2.48465700702506,0.416477699151732,5.96588247602627,2.4331537363219304e-09,1.07194373761408e-08,Upregulated,Project_TCGA-PRAD
KRTAP20-4,4.51813189734545,3.6105557644581,0.551830627471708,6.54286946884479,6.03495026104282e-11,3.24426413536843e-10,Upregulated,Project_TCGA-PRAD
KRTAP5-1,20.9675179375813,2.04841060305691,0.229346964943604,8.93149208911751,4.2030111399861204e-19,6.2941867286827496e-18,Upregulated,Project_TCGA-PRAD
KY,99.4452590338071,-2.24362334160431,0.233830315107985,-9.59509181077817,8.38424230892835e-22,1.81237202371935e-20,Downregulated,Project_TCGA-PRAD
LBX1,1.81575335419669,2.35774348791423,0.565652577703846,4.1681830523694,3.07037319923846e-05,7.88958047426877e-05,Upregulated,Project_TCGA-PRAD
LCE1C,0.327366660152161,-3.11169295506046,0.872758271656535,-3.56535487100492,0.000363364191204,0.0007958745225899,Downregulated,Project_TCGA-PRAD
LCN1,2.58643332425231,-5.88594906780951,0.889760476616541,-6.6152062521273,3.7103406166772195e-11,2.0505731673461602e-10,Downregulated,Project_TCGA-PRAD
LCN15,25.2234091049818,-3.37271785798511,0.310071396623413,-10.877229872581,1.47992172145648e-27,6.72622697551479e-26,Downregulated,Project_TCGA-PRAD
LCN8,3.37285604465813,-3.34950533803239,0.490137449154139,-6.83380823851115,8.26895435435398e-12,4.9562887181430694e-11,Downregulated,Project_TCGA-PRAD
LECT2,0.974141926531154,-2.04636003631054,0.447767584769472,-4.57013885309291,4.87401172436225e-06,1.39919729978821e-05,Downregulated,Project_TCGA-PRAD
LGR6,275.693723625085,-2.09953687101901,0.2359171855433,-8.89946557383656,5.6116230489863305e-19,8.270251414144779e-18,Downregulated,Project_TCGA-PRAD
LHX1,6.24305936208031,-6.31462903304377,0.598780120876882,-10.5458227701286,5.31059737212828e-26,1.98744774590705e-24,Downregulated,Project_TCGA-PRAD
LHX2,6.58389024671282,2.13472827973467,0.300683868796905,7.09957700183964,1.2513930735786e-12,8.324688552929199e-12,Upregulated,Project_TCGA-PRAD
LINC00634,11.5292080584293,2.03211449673183,0.206058533000874,9.86183133082487,6.09278286316067e-23,1.5191442489246401e-21,Upregulated,Project_TCGA-PRAD
LINGO2,14.8276566181613,-2.41037440524183,0.28467553722652,-8.46709355052122,2.51592017820107e-17,2.99118363625393e-16,Downregulated,Project_TCGA-PRAD
LIPF,19.4910546217887,5.07681225215846,0.853506411840559,5.9481829096169,2.7113551831833604e-09,1.18773316921386e-08,Upregulated,Project_TCGA-PRAD
LIPG,291.219910026358,-2.84229672419834,0.213347958028271,-13.3223526040109,1.71613146208378e-40,2.49709934684399e-38,Downregulated,Project_TCGA-PRAD
LMO3,495.463886901011,-2.20484048922178,0.178797801835935,-12.3314742495825,6.13145500389753e-35,5.80345192553369e-33,Downregulated,Project_TCGA-PRAD
LMX1B,115.493312469237,2.86066415751385,0.213671576720148,13.3881361359567,7.09386709371743e-41,1.04785015600987e-38,Upregulated,Project_TCGA-PRAD
LPL,776.306451572784,-3.73072293058163,0.241136637938094,-15.4714064294925,5.41117722982409e-54,1.5072447661015702e-51,Downregulated,Project_TCGA-PRAD
LRCOL1,9.34194588534321,-2.43440310292178,0.235806156580125,-10.3237470057088,5.50326173942283e-25,1.76484535189583e-23,Downregulated,Project_TCGA-PRAD
LRRC3B,4.79059104842973,-2.17228546736223,0.22654122579034,-9.58891901367497,8.90126839767956e-22,1.91563941741673e-20,Downregulated,Project_TCGA-PRAD
LRRTM3,22.6773869452448,-2.1551304774776,0.39600209407468,-5.44221990167349,5.2620660526371e-08,1.960255328512e-07,Downregulated,Project_TCGA-PRAD
LVRN,5.79030335397105,-2.08090407864482,0.197783591965557,-10.5211158214136,6.90509323501829e-26,2.52599451963202e-24,Downregulated,Project_TCGA-PRAD
LY6D,52.4193263452161,-3.2363437141983,0.361746239982108,-8.94644741672607,3.6710671984777203e-19,5.53584441113059e-18,Downregulated,Project_TCGA-PRAD
LYVE1,148.637982812995,-2.28618023350973,0.189100469405164,-12.0897649841968,1.19628432174631e-33,9.71881321058729e-32,Downregulated,Project_TCGA-PRAD
LYZL1,0.374509452722963,-3.27982893133727,0.794258893247574,-4.12942046884319,3.63678775557439e-05,9.26202816852004e-05,Downregulated,Project_TCGA-PRAD
MAGEA1,4.10854417853749,3.28104202827506,0.9728411869974,3.37263889741526,0.0007445152413759,0.0015544017749595,Upregulated,Project_TCGA-PRAD
MAGEA11,0.343574431328852,-2.67347886882112,0.932387068404914,-2.86734872180798,0.0041392664026666,0.0076915483006951,Downregulated,Project_TCGA-PRAD
MAGEA12,3.02588916790267,2.278612754944,0.600353340461829,3.79545277984319,0.000147374244434,0.0003421651605115,Upregulated,Project_TCGA-PRAD
MAGEA3,3.87586124508635,3.49458402957218,1.00443356851695,3.47915894003018,0.0005029901692082,0.0010793861236212,Upregulated,Project_TCGA-PRAD
MAGEA6,3.79748394246536,4.36041955208212,1.14581638759344,3.80551334340777,0.000141510384645,0.0003296104981256,Upregulated,Project_TCGA-PRAD
MAGEC1,2.46231881982268,3.79366304433199,1.02573862998526,3.69846950620014,0.0002169034020822,0.0004913654622748,Upregulated,Project_TCGA-PRAD
MAGEC2,6.20746238266686,4.90458619917614,1.03113599472774,4.75648820742713,1.96989740718245e-06,5.96877383764467e-06,Upregulated,Project_TCGA-PRAD
MARCHF11,30.2716352192635,3.25414713553037,0.373958741257142,8.70188814036237,3.26407243151166e-18,4.3147718148891e-17,Upregulated,Project_TCGA-PRAD
MATK,537.878385104471,2.56206824575847,0.20930386781908,12.2409025330248,1.8793114051434899e-34,1.6731878437209e-32,Upregulated,Project_TCGA-PRAD
MATN4,16.4837215509405,-2.27159523781956,0.274991533630237,-8.26060063679644,1.44941261214976e-16,1.5613617188782302e-15,Downregulated,Project_TCGA-PRAD
MCF2,98.1088531113784,-5.29876616292947,0.218914229932075,-24.2047589349197,1.98230278442576e-129,9.662734922683359e-126,Downregulated,Project_TCGA-PRAD
MEI4,2.73852233938201,-2.25838927441259,0.228338732030424,-9.89052209553166,4.57634912766584e-23,1.16792742527786e-21,Downregulated,Project_TCGA-PRAD
MFSD2A,572.433044950629,-6.0039006023363,0.220982607432649,-27.1691092438855,1.50578500436553e-162,2.93597960151192e-158,Downregulated,Project_TCGA-PRAD
MGAM,59.97363809949,-4.7397072728806,0.256628934526711,-18.4691070849896,3.66089467998087e-76,2.54929015965239e-73,Downregulated,Project_TCGA-PRAD
MGAT4C,15.1215728761848,-2.16815700219206,0.22696792848266,-9.55270207860098,1.2635683964783401e-21,2.6548552364800403e-20,Downregulated,Project_TCGA-PRAD
MIOX,26.9586170891455,2.00718161090493,0.216472751735279,9.27221368423995,1.82321951078777e-20,3.28246851535919e-19,Upregulated,Project_TCGA-PRAD
MMP26,126.497695527653,3.05840975285366,0.248988555735951,12.2833346448945,1.1131368172653699e-34,1.02377083316227e-32,Upregulated,Project_TCGA-PRAD
MNX1,164.234203686318,2.19638048496568,0.260467731201766,8.4324475620525,3.38509493019372e-17,3.97845575340067e-16,Upregulated,Project_TCGA-PRAD
MOV10L1,152.742679561875,2.25354390625646,0.214715697641657,10.4954781183136,9.061777880297959e-26,3.26592504824491e-24,Upregulated,Project_TCGA-PRAD
MRO,42.0863203109153,-3.15260157416073,0.1719708474731,-18.3321860680711,4.58117504920762e-75,3.08012934860173e-72,Downregulated,Project_TCGA-PRAD
MSLN,254.079439608835,-2.7132484676971,0.297482387582611,-9.12070287503536,7.463866632006811e-20,1.23122226388214e-18,Downregulated,Project_TCGA-PRAD
MUC15,94.9603256931697,-2.66449874902379,0.24357279729173,-10.9392295800277,7.4833100811698195e-28,3.52438598943597e-26,Downregulated,Project_TCGA-PRAD
MUC21,7.27278364707028,-3.15794442707885,0.48066632867892,-6.56993061227786,5.033871413276819e-11,2.73602198654277e-10,Downregulated,Project_TCGA-PRAD
MUC6,7063.06710921743,-5.00048315238096,0.49244177422727,-10.1544657949209,3.16538920205568e-24,9.25318720564942e-23,Downregulated,Project_TCGA-PRAD
MYBL2,374.197649895939,2.34011798806834,0.199027469932071,11.7577638346457,6.441783790040421e-32,4.3611770950766694e-30,Upregulated,Project_TCGA-PRAD
MYH13,7.41542427509594,2.16357276654613,0.370371314972242,5.84163157103103,5.1692028808053e-09,2.18868876807691e-08,Upregulated,Project_TCGA-PRAD
MYH6,92.0901651856978,-2.52897602370021,0.425865136580584,-5.93844343306949,2.87740897535889e-09,1.25624093599525e-08,Downregulated,Project_TCGA-PRAD
MYLK,31741.503801717,-2.04746851979416,0.173703998133761,-11.787112224196,4.54871673925364e-32,3.12291827401294e-30,Downregulated,Project_TCGA-PRAD
NDRG4,411.77768912596,-3.38039698834819,0.154806448185816,-21.8362802581108,1.04960773413427e-105,1.86047741819545e-102,Downregulated,Project_TCGA-PRAD
NEFM,69.1267611526365,-2.90473922690933,0.309942789177892,-9.37185612420284,7.126802119996761e-21,1.3663558282762702e-19,Downregulated,Project_TCGA-PRAD
NETO1,46.1082206149594,4.09392466088547,0.415510253521942,9.85276446534016,6.668410421900371e-23,1.6479171914602501e-21,Upregulated,Project_TCGA-PRAD
NETO2,546.0020527515,2.0450118374726,0.161233852886136,12.6835140441431,7.29848953439548e-37,8.085565280775171e-35,Upregulated,Project_TCGA-PRAD
NEUROG2,0.701666318999997,2.0870822870342,0.52097298272075,4.00612384184403,6.17232958373071e-05,0.0001520122296622,Upregulated,Project_TCGA-PRAD
NKAIN1,1416.28385156141,2.23820285962747,0.26764553352242,8.36256383647061,6.13697590813781e-17,6.97718695375341e-16,Upregulated,Project_TCGA-PRAD
NKX2-2,19.4624742560089,4.12630906756888,0.422215905623959,9.77298347268784,1.47056519428223e-22,3.4967170924530304e-21,Upregulated,Project_TCGA-PRAD
NKX2-3,97.0707927595112,4.29712470475381,0.244496429030818,17.5754088588843,3.80140041955941e-69,2.24605167819907e-66,Upregulated,Project_TCGA-PRAD
NKX2-5,4.48581186702922,3.47317045248223,0.6552380726705,5.30062369289214,1.15407744337063e-07,4.10999123120377e-07,Upregulated,Project_TCGA-PRAD
NKX6-1,46.4005934627923,3.56384100334301,0.375607736349801,9.48819914620723,2.35059883601198e-21,4.7592913919586304e-20,Upregulated,Project_TCGA-PRAD
NKX6-3,5.04010144416791,2.17355820864239,0.32965607941294,6.59341157157825,4.298328186839269e-11,2.3564948465313e-10,Upregulated,Project_TCGA-PRAD
NLRP12,113.59470754702,2.46467445587662,0.207809843148094,11.8602392386206,1.90430233285661e-32,1.3501849776741099e-30,Upregulated,Project_TCGA-PRAD
NLRP13,10.2470319205446,2.84548891280369,0.342900200367545,8.29830052520731,1.0561124463488299e-16,1.15946399092958e-15,Upregulated,Project_TCGA-PRAD
NOL4,192.194160729853,2.04340715876783,0.252804316212487,8.08295993273432,6.32133970525338e-16,6.2916529644221805e-15,Upregulated,Project_TCGA-PRAD
NPFFR2,12.5055626457658,-4.71083008264801,0.3543797583087,-13.2931691841846,2.5360492325809498e-40,3.58318028527995e-38,Downregulated,Project_TCGA-PRAD
NPY,56754.5265740205,2.2698709151354,0.341849034004058,6.63998048655729,3.1372468302430196e-11,1.75222110272353e-10,Upregulated,Project_TCGA-PRAD
NR2E1,10.3407571092572,3.22903623735369,0.400820901101249,8.05605752714481,7.87945613718159e-16,7.763195339199931e-15,Upregulated,Project_TCGA-PRAD
NUTM2F,6.20689511270876,2.35553617107364,0.276075962597793,8.53220305349567,1.4358674573682e-17,1.77081237721475e-16,Upregulated,Project_TCGA-PRAD
NWD2,9.66590206399938,2.24326654726563,0.437781338017646,5.12417125276184,2.98849271840965e-07,1.00621017136162e-06,Upregulated,Project_TCGA-PRAD
NXPH1,5.47761947338205,2.2705174423234,0.419963115802018,5.40646870377489,6.42794527813462e-08,2.36877862470362e-07,Upregulated,Project_TCGA-PRAD
NXPH2,1.87679206494761,-2.73253780929076,0.297740395664176,-9.17758506767357,4.40867139490183e-20,7.500896584449911e-19,Downregulated,Project_TCGA-PRAD
NYX,0.236666070515948,-2.27401683133414,0.753259391407476,-3.01890272763159,0.0025369197096148,0.0048810795833895,Downregulated,Project_TCGA-PRAD
OLFM4,8025.02433428416,-2.02466303734982,0.3481334840838,-5.81576645141797,6.03566871549149e-09,2.53464287345796e-08,Downregulated,Project_TCGA-PRAD
ONECUT2,469.776909989206,3.28002782774322,0.230925981712921,14.2038059269608,8.67690468953699e-46,1.72634987384278e-43,Upregulated,Project_TCGA-PRAD
OOSP2,1.03265961002719,2.76677829317657,1.02673164768767,2.69474336298848,0.0070442864056855,0.0126159177310605,Upregulated,Project_TCGA-PRAD
OPCML,15.3449513460609,-2.61835095510364,0.266729835595615,-9.81649071712127,9.561418471087099e-23,2.3044318584580502e-21,Downregulated,Project_TCGA-PRAD
OPRPN,1.00055782399054,-5.18087096981908,0.706978287431507,-7.32818965154005,2.33282443377252e-13,1.6890237953841999e-12,Downregulated,Project_TCGA-PRAD
OR10G2,2.23148173038457,2.16774963352392,0.409493102158292,5.29373906934815,1.19840395257123e-07,4.25618948401344e-07,Upregulated,Project_TCGA-PRAD
OR13G1,2.57794945110889,2.95058716927235,0.432437036919969,6.82316017676907,8.905925847493e-12,5.3217205692435896e-11,Upregulated,Project_TCGA-PRAD
OR2B6,12.4051869816844,2.13499885307073,0.256438218111561,8.32558761635882,8.39114435536941e-17,9.354518733047039e-16,Upregulated,Project_TCGA-PRAD
OR2H1,1.11663633907282,2.07298024299841,0.435618627998576,4.75870431097632,1.94839611477274e-06,5.90821577695784e-06,Upregulated,Project_TCGA-PRAD
OR2J3,2.04302309400592,2.12258564310441,0.384764660181008,5.51658159589257,3.45657041172386e-08,1.31736141297482e-07,Upregulated,Project_TCGA-PRAD
OR51A4,8.93095521468613,3.31407341044354,0.351526521471223,9.42766251767673,4.19329280790892e-21,8.24201846457744e-20,Upregulated,Project_TCGA-PRAD
OR51A7,4.88468274240796,2.73664728378021,0.400145935156471,6.83912303822375,7.96794308341322e-12,4.7905937169408295e-11,Upregulated,Project_TCGA-PRAD
OR51C1P,196.477600178512,3.29801585328913,0.302663612506774,10.8966381058289,1.19594804973225e-27,5.49966864945271e-26,Upregulated,Project_TCGA-PRAD
OR51D1,18.2265260690505,2.57678115405192,0.37326879068667,6.90328583140218,5.0813241811278e-12,3.12147633533805e-11,Upregulated,Project_TCGA-PRAD
OR51E2,28083.0725319662,2.38665824497622,0.236989854914845,10.0707190433691,7.44319127168545e-24,2.08217135459574e-22,Upregulated,Project_TCGA-PRAD
OR51F1,1.90652984446544,2.90410089330767,0.439029207198204,6.614823901674,3.7199430354574e-11,2.05471527777191e-10,Upregulated,Project_TCGA-PRAD
OR51F2,2.84334153517532,2.19304685868568,0.376009549760733,5.83242329903904,5.4628118636714e-09,2.30599492786025e-08,Upregulated,Project_TCGA-PRAD
OR51G2,4.57199911277131,3.03337845382843,0.406557010706555,7.46113921035755,8.57775622699471e-14,6.545952677649419e-13,Upregulated,Project_TCGA-PRAD
OR51L1,17.9805432780323,3.85878720424262,0.313950041892865,12.2910867632865,1.0113714321440899e-34,9.3458389497372e-33,Upregulated,Project_TCGA-PRAD
OR51S1,6.38008980847985,3.38898528792612,0.385999525748627,8.77976541902052,1.63815966579349e-18,2.26534798085061e-17,Upregulated,Project_TCGA-PRAD
OR51T1,6.06568495754785,2.78530340662124,0.364867075612107,7.63374826832093,2.28024951786093e-14,1.85405776060269e-13,Upregulated,Project_TCGA-PRAD
OR52I1,14.2672807350723,2.56903897934619,0.302793629423562,8.48445518565549,2.16731775782877e-17,2.61015204707507e-16,Upregulated,Project_TCGA-PRAD
OR52R1,8.58939604620476,3.30419203713279,0.340840002880588,9.69426126395851,3.1893731846155696e-22,7.32466411703585e-21,Upregulated,Project_TCGA-PRAD
OR5AU1,1.30664141447007,-4.42120840301413,0.48037549620925,-9.2036509728387,3.4598974255455404e-20,6.023310714579191e-19,Downregulated,Project_TCGA-PRAD
OR5B2,3.95993732646536,2.98888293014548,0.58070706509402,5.14697187240448,2.64725002609254e-07,8.96735250325787e-07,Upregulated,Project_TCGA-PRAD
OR6F1,1.17974144342218,2.22974037564746,0.394161087818023,5.65692668444453,1.5410755292575e-08,6.13472655562736e-08,Upregulated,Project_TCGA-PRAD
OTP,3.76430464777204,2.81770337503112,0.356651350725307,7.90044218058021,2.7791573609254104e-15,2.54523298371647e-14,Upregulated,Project_TCGA-PRAD
OTX1,442.655979756928,2.07189114508828,0.207549778068005,9.98262279234726,1.81601815236152e-23,4.87052571316987e-22,Upregulated,Project_TCGA-PRAD
OVCH2,19.645983429722,-2.42295978924676,0.241633883949461,-10.0274007504408,1.1551751475793401e-23,3.17233873626788e-22,Downregulated,Project_TCGA-PRAD
PADI3,51.5091945271855,-4.35273393572752,0.400179844947906,-10.8769444305576,1.48456201563285e-27,6.73162562344401e-26,Downregulated,Project_TCGA-PRAD
PAEP,229.211043155747,-9.29423415165971,0.563572604273749,-16.491635826828,4.2138479961894504e-61,1.6110119260725902e-58,Downregulated,Project_TCGA-PRAD
PALM3,172.866363493696,-2.88883602973332,0.217245181729097,-13.2975838945679,2.3906942844046797e-40,3.40246402608193e-38,Downregulated,Project_TCGA-PRAD
PANX3,3.59044971058598,2.3106625899781,0.38375307501141,6.02122234436662,1.7310476890071e-09,7.7787434524684e-09,Upregulated,Project_TCGA-PRAD
PAQR6,650.36622389765,2.3000343227304,0.192975289059285,11.918802318901,9.44566187941602e-33,6.8978095627286e-31,Upregulated,Project_TCGA-PRAD
PAQR8,667.725381935477,-2.60112884245205,0.140768844960077,-18.4780150976571,3.10391876669106e-76,2.24148918936823e-73,Downregulated,Project_TCGA-PRAD
PATE1,1093.84247327571,-8.59364020904071,0.715598426479644,-12.0090261395861,3.1857445588612e-33,2.49460431360144e-31,Downregulated,Project_TCGA-PRAD
PATE2,62.6754552607405,-5.46317781879676,0.261967202880534,-20.8544342907236,1.38931373624011e-96,2.0837568637853502e-93,Downregulated,Project_TCGA-PRAD
PATE3,11.0269242093014,-5.92038585815597,0.581228304710026,-10.1859902729783,2.29016171256921e-24,6.827763466616891e-23,Downregulated,Project_TCGA-PRAD
PATE4,492.457743857273,-9.21538236926149,0.528902808562048,-17.4235837285791,5.46447475887156e-68,3.13371555436699e-65,Downregulated,Project_TCGA-PRAD
PAX1,75.0575700398153,4.59204102907652,0.393491187849348,11.6699971203284,1.81429386699329e-31,1.15983940388968e-29,Upregulated,Project_TCGA-PRAD
PAX2,65.8760425816018,-4.12295203926772,0.25759696745287,-16.0054370206126,1.1708818045943699e-57,3.74259892229197e-55,Downregulated,Project_TCGA-PRAD
PAX8,207.409668590995,-3.27734897120847,0.243947136044813,-13.43466877433,3.7875925058515996e-41,5.81499832118855e-39,Downregulated,Project_TCGA-PRAD
PCP4L1,193.292055813425,-2.23105328441535,0.205174151593701,-10.8739491163264,1.53413410110636e-27,6.92420062578051e-26,Downregulated,Project_TCGA-PRAD
PDE1C,98.968074096224,-2.24667813563194,0.224526650753174,-10.0062871293696,1.43019610748327e-23,3.8838389559483097e-22,Downregulated,Project_TCGA-PRAD
PDIA2,176.017338838438,4.03223209823264,0.32066424111259,12.5746234885506,2.9118424397038696e-36,3.1367460712345898e-34,Upregulated,Project_TCGA-PRAD
PDK4,6537.90267679473,-3.05325614447586,0.209897511816057,-14.5464141907102,6.15456651533856e-48,1.41178515195378e-45,Downregulated,Project_TCGA-PRAD
PDX1,4.29095868483941,2.9161971096147,0.546859139513864,5.3326293718106,9.68007570776608e-08,3.48232686623659e-07,Upregulated,Project_TCGA-PRAD
PENK,198.038448568976,-2.1585406362073,0.262915354825944,-8.21002119726443,2.21149450908752e-16,2.3307956723345103e-15,Downregulated,Project_TCGA-PRAD
PGA5,1.27440946739688,-2.02945697211332,0.343616061269325,-5.90617611009353,3.5013967052750703e-09,1.51241100929227e-08,Downregulated,Project_TCGA-PRAD
PHGR1,179.188673103172,3.83111657657393,0.290073504806376,13.2073992043196,7.95249268651453e-40,1.08431959721441e-37,Upregulated,Project_TCGA-PRAD
PHYHIPL,109.686432501575,-2.07202996398516,0.187936840679969,-11.0251399166252,2.89068628485382e-28,1.4161457583437098e-26,Downregulated,Project_TCGA-PRAD
PIK3C2G,70.703457361479,-4.41642463158909,0.289195733892294,-15.2714031156279,1.18593568074076e-52,3.12478025717342e-50,Downregulated,Project_TCGA-PRAD
PIP,4731.40705216723,-7.37269946353967,0.391108856185536,-18.8507607202895,2.89647149000302e-79,2.56706368691268e-76,Downregulated,Project_TCGA-PRAD
PLA2G2E,0.964381460988366,2.25075266433477,0.598892877922966,3.75818906402871,0.0001711475455256,0.0003936110925524,Upregulated,Project_TCGA-PRAD
PLA2G3,9.98046244185769,-2.53534304661297,0.310005229755244,-8.17838798595327,2.8766623839640097e-16,2.9962159809043903e-15,Downregulated,Project_TCGA-PRAD
PLA2G4A,589.266079016383,-2.33849955577885,0.136982588780025,-17.0715094276263,2.41864951413393e-65,1.17897070566459e-62,Downregulated,Project_TCGA-PRAD
PLAAT1,6.37486671416485,-2.79796852029754,0.362353611386895,-7.72165208893164,1.1483147532306e-14,9.705176011482571e-14,Downregulated,Project_TCGA-PRAD
PLAAT5,55.4895995530127,-2.21622555403538,0.185831648250712,-11.9259855621868,8.665241669803579e-33,6.3756559274652904e-31,Downregulated,Project_TCGA-PRAD
PLCZ1,1.13967162223185,-3.82248496572175,0.411849569129924,-9.28126493806261,1.67478289950534e-20,3.03223380705193e-19,Downregulated,Project_TCGA-PRAD
PLPPR5,1.72047805116068,-2.11402174002037,0.349866335704486,-6.04236968316373,1.5186700112097201e-09,6.8559916366212305e-09,Downregulated,Project_TCGA-PRAD
PNLIP,13.025822797092,2.93171699534033,0.415576422409907,7.05457970483371,1.7312319535889099e-12,1.1283372307241199e-11,Upregulated,Project_TCGA-PRAD
PNMT,103.168492537603,-4.71541470197484,0.278758014748064,-16.9157995555269,3.44114583080862e-64,1.59751098593111e-61,Downregulated,Project_TCGA-PRAD
PON3,30.3034794467204,-3.34278610044151,0.237200952545278,-14.0926335437183,4.21543247858195e-45,8.219250246739089e-43,Downregulated,Project_TCGA-PRAD
POTEB3,7.11222743011765,4.87513690000211,0.676644721317304,7.20486947790134,5.80994754491628e-13,4.0242400437221195e-12,Upregulated,Project_TCGA-PRAD
POTEC,2.06078565881273,3.0225282466642,0.622788177956782,4.85322033019379,1.21472603377967e-06,3.78652729122878e-06,Upregulated,Project_TCGA-PRAD
POU3F3,164.270262680782,-7.94155061489704,0.630343126408753,-12.5987740362021,2.14451862308327e-36,2.3229902284932e-34,Downregulated,Project_TCGA-PRAD
POU4F1,5.4950781699567,3.17511792476096,0.509997112591729,6.22575666874953,4.79237376837139e-10,2.3015197964459404e-09,Upregulated,Project_TCGA-PRAD
PPFIA2,534.600784141802,2.45961665076339,0.317354973709325,7.75036427510422,9.16293095580343e-15,7.82561663496519e-14,Upregulated,Project_TCGA-PRAD
PPP3R2,6.13527665206313,2.69654060445309,0.404834116028687,6.66085316846668,2.7224252621445397e-11,1.53061844755751e-10,Upregulated,Project_TCGA-PRAD
PRAME,67.9093410976368,2.81203971558345,0.403764684656358,6.96455094376757,3.29452910217911e-12,2.0752278258948897e-11,Upregulated,Project_TCGA-PRAD
PRDM16,89.0297749681913,-2.621590682227,0.160913612808847,-16.2919136328214,1.12648555389905e-59,3.92218130891495e-57,Downregulated,Project_TCGA-PRAD
PRR35,0.523199869490686,-2.93540606216873,0.470403007039994,-6.2401940851521,4.37028297086914e-10,2.11129279895953e-09,Downregulated,Project_TCGA-PRAD
PRSS1,14.7082255433807,-4.58925362551427,0.619929938444071,-7.40285851822642,1.33283734473034e-13,9.93032577285142e-13,Downregulated,Project_TCGA-PRAD
PTGES,1309.71584384117,-3.06852306587518,0.17739814457931,-17.297379705701,4.92275204063018e-67,2.59415727805965e-64,Downregulated,Project_TCGA-PRAD
PTGS1,1130.24527038288,-2.53030546172473,0.196753982673604,-12.8602502848558,7.53323549867348e-38,8.90200156079609e-36,Downregulated,Project_TCGA-PRAD
PTGS2,3562.27386510654,-3.05690793122938,0.232854668032066,-13.1279649966408,2.2769335366274e-39,2.97957383202423e-37,Downregulated,Project_TCGA-PRAD
PYY,6.69689242375405,-2.33517547673623,0.23217811862128,-10.0576897194403,8.49688567476465e-24,2.35664689739063e-22,Downregulated,Project_TCGA-PRAD
QPRT,414.966673635026,-2.44312082263508,0.165455691671834,-14.7660125677682,2.4265040411056898e-49,5.76975314554619e-47,Downregulated,Project_TCGA-PRAD
RAD21L1,1.33090634266499,-4.24704928496099,0.52368470037636,-8.10993577224756,5.06465255684859e-16,5.1033899510818504e-15,Downregulated,Project_TCGA-PRAD
RASAL1,60.2382421089753,-3.1120863571523,0.224826744752646,-13.8421537018481,1.41890703584305e-43,2.47016512364891e-41,Downregulated,Project_TCGA-PRAD
RASL10B,213.998444043593,-3.49978869400019,0.168255792562319,-20.8004053869582,4.29166544245256e-96,5.97706377121e-93,Downregulated,Project_TCGA-PRAD
REG3G,0.356471292821119,-2.80124023860409,1.01559959892962,-2.75821321863106,0.0058118275745692,0.0105521011312927,Downregulated,Project_TCGA-PRAD
RHCG,77.708520295108,-2.03491972017265,0.348761443881989,-5.83470379501355,5.38862086989026e-09,2.27763558901193e-08,Downregulated,Project_TCGA-PRAD
RHEX,51.6562682395924,-2.25137824545177,0.187751045129361,-11.9912954087716,3.94684036494834e-33,3.01786248767697e-31,Downregulated,Project_TCGA-PRAD
RNF157,797.667050329266,2.31954061636991,0.218611428742613,10.6103355607308,2.66789191110217e-26,1.02197556940413e-24,Upregulated,Project_TCGA-PRAD
ROS1,19.8376049046325,-2.75556483551344,0.297608516945125,-9.2590254600191,2.06306541473601e-20,3.68704394651904e-19,Downregulated,Project_TCGA-PRAD
RPE65,49.9135980450961,-2.20854463649801,0.300368638345525,-7.35278039898905,1.94125731341139e-13,1.4144482472681299e-12,Downregulated,Project_TCGA-PRAD
RPRML,13.7144480239814,3.58799952669815,0.390239243417425,9.19435855624647,3.77238529995277e-20,6.50502739409404e-19,Upregulated,Project_TCGA-PRAD
S100A14,350.811868086884,-2.12009085363644,0.238344125168036,-8.89508332601753,5.83754812691213e-19,8.590227424794929e-18,Downregulated,Project_TCGA-PRAD
SAPCD1,17.760887880211,2.1145684291321,0.218730754947211,9.66744905005439,4.14582995471407e-22,9.38854732369513e-21,Upregulated,Project_TCGA-PRAD
SBSPON,559.932576138927,-2.30884385170554,0.184836082855082,-12.4913048147409,8.32765485545234e-36,8.36972239028916e-34,Downregulated,Project_TCGA-PRAD
SCARA5,105.852822252782,-2.24428482681551,0.266570101410234,-8.4191168287163,3.79332984691017e-17,4.43153657010513e-16,Downregulated,Project_TCGA-PRAD
SCGB1A1,207.508606836433,-2.62897094714091,0.343374748035936,-7.65627339278243,1.91406032655084e-14,1.57270746932525e-13,Downregulated,Project_TCGA-PRAD
SCGB1D4,2.37986150988846,-7.64488447909724,0.977852259423516,-7.81803631931496,5.365371237283581e-15,4.72084875381567e-14,Downregulated,Project_TCGA-PRAD
SCGB2A2,1.73644259946124,2.81691215814593,0.611775041817412,4.60449015667209,4.13477572763833e-06,1.19791763948725e-05,Upregulated,Project_TCGA-PRAD
SCGB3A1,293.787290302246,-2.18464895287725,0.312787565810267,-6.98444948480603,2.8597511509794498e-12,1.8121361047058e-11,Downregulated,Project_TCGA-PRAD
SCN11A,16.3012597484842,-2.02623558284616,0.172314525899358,-11.7589365857037,6.35293890568368e-32,4.31601403425158e-30,Downregulated,Project_TCGA-PRAD
SCN1A,5.59550814783089,2.30195741849607,0.486908163877817,4.72770347525682,2.27073468494582e-06,6.82515567859928e-06,Upregulated,Project_TCGA-PRAD
SEMG1,141258.777824057,-9.83746218529649,0.644106058761439,-15.27304711931,1.15640693698417e-52,3.08871540511197e-50,Downregulated,Project_TCGA-PRAD
SEMG2,67539.0315483204,-9.54569301842212,0.594140166783294,-16.0663990621994,4.38849939327227e-58,1.42611601950038e-55,Downregulated,Project_TCGA-PRAD
SEPTIN12,5.3205486079931,2.29767168442786,0.298887049166668,7.68742470051491,1.50126147089677e-14,1.24985466095411e-13,Upregulated,Project_TCGA-PRAD
SEPTIN5,13.1843630470513,2.34386273990618,0.213462680731784,10.9801991236644,4.7587371336136695e-28,2.28536592687683e-26,Upregulated,Project_TCGA-PRAD
SERPINA11,296.321026325599,2.36789152368576,0.303580168776187,7.79988868584983,6.19618066527394e-15,5.4127746689745203e-14,Upregulated,Project_TCGA-PRAD
SERPINA5,960.090035698288,-6.79605311246926,0.254809213015382,-26.6711436060164,1.01770433577813e-156,9.92159956950097e-153,Downregulated,Project_TCGA-PRAD
SERPINB5,482.588922639657,-2.05148254951298,0.246690951634913,-8.31600241483134,9.097996834649551e-17,1.0079133084204402e-15,Downregulated,Project_TCGA-PRAD
SFRP5,79.432619074299,-2.79764721847926,0.333830429759945,-8.38044398915648,5.2728420349309103e-17,6.04408430317948e-16,Downregulated,Project_TCGA-PRAD
SFTPC,3.36860680776745,-2.33538097119618,0.330137756671834,-7.07395904891185,1.50574738147956e-12,9.88187897815159e-12,Downregulated,Project_TCGA-PRAD
SH2D1B,9.02658784301897,-2.11437807776823,0.187611947240517,-11.269954333226,1.84665652516753e-29,1.020003085771e-27,Downregulated,Project_TCGA-PRAD
SHISA8,43.7661993799712,3.01169111327114,0.263274274964519,11.4393672290125,2.6581713646316e-30,1.56583157908117e-28,Upregulated,Project_TCGA-PRAD
SIAH3,10.1911986509948,-2.45377136380091,0.232915223634182,-10.5350407135895,5.9557500421733e-26,2.21190884423419e-24,Downregulated,Project_TCGA-PRAD
SIM1,18.8998304590202,-5.90408693984687,0.592671248323798,-9.96182446262561,2.23915266123633e-23,5.96434406950628e-22,Downregulated,Project_TCGA-PRAD
SIM2,2354.8759952103,2.36703884336115,0.164225413251333,14.4133529427544,4.2649242688361103e-47,9.343538583569271e-45,Upregulated,Project_TCGA-PRAD
SLC13A2,105.463523564993,-6.35096270728805,0.391456615393484,-16.2239248426143,3.41647647784039e-59,1.1686747081566998e-56,Downregulated,Project_TCGA-PRAD
SLC16A12,54.908687149613,-3.78106171450333,0.217669650231812,-17.3706426710228,1.3767529573091901e-67,7.4566469893373605e-65,Downregulated,Project_TCGA-PRAD
SLC17A4,28.5569155789109,3.69476397785202,0.483720679281605,7.63821795532761,2.20248797536284e-14,1.79682470893827e-13,Upregulated,Project_TCGA-PRAD
SLC18A2,107.561436867465,-2.53058069257789,0.245318932293989,-10.3154724705277,5.99855354011921e-25,1.91423562889107e-23,Downregulated,Project_TCGA-PRAD
SLC18A3,17.6821053514547,3.59366444038088,0.567155964516873,6.33628960147164,2.35364209776894e-10,1.18215645600976e-09,Upregulated,Project_TCGA-PRAD
SLC22A10,50.2357646204979,2.78181537813902,0.298528388777625,9.31842827253259,1.18076388175857e-20,2.19713020208506e-19,Upregulated,Project_TCGA-PRAD
SLC22A31,162.299549625155,2.64003229961188,0.282724682182623,9.33782038140757,9.833756798965541e-21,1.85793207428518e-19,Upregulated,Project_TCGA-PRAD
SLC24A2,50.51481081843,2.23396501081989,0.309961340407355,7.20723754737925,5.70983467995846e-13,3.96193439821459e-12,Upregulated,Project_TCGA-PRAD
SLC26A3,995.085317980113,-4.75328250706004,0.380066373461629,-12.5064537116697,6.882904128263719e-36,6.989732536087819e-34,Downregulated,Project_TCGA-PRAD
SLC28A3,40.1904798971398,-4.45507427961836,0.31002468798663,-14.3700629409568,7.975872946124451e-47,1.67218893229607e-44,Downregulated,Project_TCGA-PRAD
SLC2A2,1.14399830681819,2.17483851960727,0.91538478696523,2.37587356768021,0.0175074605229046,0.0291412382854357,Upregulated,Project_TCGA-PRAD
SLC2A9,258.506108172483,-2.72453873158451,0.135660101309374,-20.0835669831262,1.02745468756268e-89,1.2520819686310699e-86,Downregulated,Project_TCGA-PRAD
SLC34A2,570.825647039655,-3.20635822925772,0.320856405722139,-9.99312518645623,1.63348908295992e-23,4.42357918604895e-22,Downregulated,Project_TCGA-PRAD
SLC39A2,176.563133363383,-3.84738383141322,0.388795768889953,-9.89564223499099,4.3481049721869904e-23,1.11551777299608e-21,Downregulated,Project_TCGA-PRAD
SLC45A2,371.051240591199,5.06070677258382,0.305039242176104,16.5903466599297,8.1846585269075e-62,3.19168943915285e-59,Upregulated,Project_TCGA-PRAD
SLC46A2,14.238830671653,-4.10704949846374,0.272951955209601,-15.0467854143412,3.62422058736235e-51,8.94494341929001e-49,Downregulated,Project_TCGA-PRAD
SLC6A2,11.0435973720374,-2.16957550226842,0.197276546202029,-10.9976352690531,3.9228424944896296e-28,1.9026761929741002e-26,Downregulated,Project_TCGA-PRAD
SLC9A4,5.45505305301171,-3.23891082918403,0.297591779393568,-10.8837375675641,1.37794591291471e-27,6.29208182904238e-26,Downregulated,Project_TCGA-PRAD
SLCO1A2,368.418064976006,3.17439524509927,0.324068205816575,9.79545413009755,1.177670119784e-22,2.8174493246071603e-21,Upregulated,Project_TCGA-PRAD
SLCO1B1,3.87246876344632,3.01295790312185,0.457498492477001,6.58572203551757,4.5268003334890294e-11,2.47306116285708e-10,Upregulated,Project_TCGA-PRAD
SLCO1B3,67.4983799011908,4.04135481645524,0.416230471776569,9.70941603387614,2.74907577467971e-22,6.35088619131577e-21,Upregulated,Project_TCGA-PRAD
SLCO1B3-SLCO1B7,1.72733439704119,2.1058922191888,0.426502518555552,4.93758448677133,7.90961435120688e-07,2.53154400229533e-06,Upregulated,Project_TCGA-PRAD
SLCO4C1,31.8064696985225,-4.85099767066965,0.301641348137299,-16.0820050056984,3.41156373906929e-58,1.12743508109107e-55,Downregulated,Project_TCGA-PRAD
SLIT1,930.342696508472,2.95168773136994,0.224912210529564,13.1237326973937,2.4077697859862e-39,3.1297796858105902e-37,Upregulated,Project_TCGA-PRAD
SLITRK3,76.3404186575767,-2.36224534018592,0.271934193341132,-8.68682717374406,3.7270247564779995e-18,4.89027783996017e-17,Downregulated,Project_TCGA-PRAD
SLPI,3227.53461041653,-3.59466137181418,0.281328542299396,-12.777449960938,2.19137113623832e-37,2.5282458233357903e-35,Downregulated,Project_TCGA-PRAD
SMIM21,2.69006420770226,3.08611290092006,0.464137322616132,6.64913755163027,2.94815384761537e-11,1.6508645525791e-10,Upregulated,Project_TCGA-PRAD
SMIM28,23.6358351686597,2.34721727423689,0.249095520248121,9.42296060522829,4.3854467486486005e-21,8.576473490988011e-20,Upregulated,Project_TCGA-PRAD
SMR3A,1.00610621602828,-2.8483618027502,0.954705144291263,-2.9834989575391,0.0028497300652476,0.0054378583687804,Downregulated,Project_TCGA-PRAD
SMR3B,17.4701143802819,-4.3907536286201,0.834717771064695,-5.26016550842044,1.43925794720063e-07,5.06089295843425e-07,Downregulated,Project_TCGA-PRAD
SNAP25,213.870004719111,-3.09048880363684,0.191726771247254,-16.1192345937505,1.8690990337361403e-58,6.28339533789435e-56,Downregulated,Project_TCGA-PRAD
SOX11,8.33010225410957,2.21940978935275,0.357975868754944,6.19988659311578,5.65038605363711e-10,2.69565028807968e-09,Upregulated,Project_TCGA-PRAD
SOX3,6.60508643268872,2.65187655578622,0.652650156201643,4.06324357787619,4.83954816836243e-05,0.0001210228423582,Upregulated,Project_TCGA-PRAD
SP6,289.367684884059,-2.0846503583155,0.147050336594015,-14.1764405753856,1.2818537402999999e-45,2.52460446751205e-43,Downregulated,Project_TCGA-PRAD
SP9,3.88059018605303,3.35441955854832,0.625424810626678,5.36342578924425,8.1658209264051e-08,2.9710240049085e-07,Upregulated,Project_TCGA-PRAD
SPINK1,616.788703134963,4.23775729598756,0.405554041025499,10.4493035879308,1.4760508497912702e-25,5.09381229543897e-24,Upregulated,Project_TCGA-PRAD
SPINK13,26.5473493520125,-5.47800299194304,0.294911936430215,-18.5750467012355,5.11605765672139e-77,3.83664969964437e-74,Downregulated,Project_TCGA-PRAD
SPINK2,334.465966092033,-7.45203363580096,0.330067457856838,-22.577304906663,7.24330984196747e-113,1.56922283665202e-109,Downregulated,Project_TCGA-PRAD
SPINT3,3.11600661609197,-5.47061121564576,0.451176573115691,-12.1252111515173,7.76597815976662e-34,6.47098470765511e-32,Downregulated,Project_TCGA-PRAD
SPON2,71989.6404999361,2.28405740062422,0.243402007506755,9.38388891702477,6.3583262107076e-21,1.22504589383772e-19,Upregulated,Project_TCGA-PRAD
SPRR3,5.438917355402,-3.26930304953713,0.533114257855616,-6.13246222805499,8.65292575983388e-10,4.0362379537139e-09,Downregulated,Project_TCGA-PRAD
SPZ1,2.35760140868734,3.08719260743293,0.4226927269723,7.3036331368797,2.80099447429695e-13,2.01081701987636e-12,Upregulated,Project_TCGA-PRAD
SRARP,369.613047168747,3.67660719775824,0.364925047415332,10.0749653217796,7.12859363843506e-24,1.99703044198573e-22,Upregulated,Project_TCGA-PRAD
SSTR1,1054.79418282477,2.00802544385324,0.250141724634433,8.02755096850733,9.9437662646359e-16,9.674828075243061e-15,Upregulated,Project_TCGA-PRAD
STAC,412.931545382206,-2.41992224073515,0.223897006080566,-10.808193834733,3.14807183171872e-27,1.37011394140294e-25,Downregulated,Project_TCGA-PRAD
STAC2,554.992714515251,-4.44434688739069,0.25955864587253,-17.1227079431341,1.00490028890732e-65,5.02398611105509e-63,Downregulated,Project_TCGA-PRAD
SULT2A1,16.8016248005634,-6.70882702102321,0.58491232600971,-11.4697993574371,1.87092572595909e-30,1.1189972332745499e-28,Downregulated,Project_TCGA-PRAD
SULT4A1,44.8719027738136,2.3019456678989,0.317997774719027,7.2388735107748,4.5242672610012497e-13,3.17317133291375e-12,Upregulated,Project_TCGA-PRAD
SYT10,22.9660056654221,-2.35554840146919,0.247938215810103,-9.50054590726469,2.08792826211419e-21,4.2495224691756204e-20,Downregulated,Project_TCGA-PRAD
SYT8,48.6063322085092,-2.65296252834025,0.269432579686614,-9.84648007834091,7.09865878655224e-23,1.74100187446787e-21,Downregulated,Project_TCGA-PRAD
TAS2R38,1.99678138569489,2.7462488682618,0.644818480065871,4.25894876335006,2.05390537450471e-05,5.39935917380247e-05,Upregulated,Project_TCGA-PRAD
TBX10,75.3525342031554,2.6965182704681,0.311173689924521,8.66563709522542,4.48995043140694e-18,5.84023038769664e-17,Upregulated,Project_TCGA-PRAD
TBX4,247.95971302963,-2.20600313115014,0.305568132525784,-7.21934945544098,5.22368609922405e-13,3.63625246564336e-12,Downregulated,Project_TCGA-PRAD
TDO2,223.695091337928,2.10889876158624,0.405918113960114,5.19537977995598,2.0430232869727e-07,7.04543120788711e-07,Upregulated,Project_TCGA-PRAD
TDRD1,1016.49479568274,2.94191582230807,0.290888799957131,10.1135410601633,4.81131634380051e-24,1.37552853477159e-22,Upregulated,Project_TCGA-PRAD
TERT,12.6044053028003,2.66736419884074,0.257123865103961,10.3738491865089,3.26117872761458e-25,1.08140242909913e-23,Upregulated,Project_TCGA-PRAD
TEX13D,2.01896272316915,3.05780158219374,0.605291786317716,5.05178106049619,4.37709257299256e-07,1.44455908917077e-06,Upregulated,Project_TCGA-PRAD
TEX19,1.14801469837185,2.05896325824463,0.387367128103702,5.31527615242928,1.06495694289895e-07,3.80721130778211e-07,Upregulated,Project_TCGA-PRAD
TFAP2B,6.97661867735774,-3.97106744598839,0.351027513065081,-11.3126957238026,1.13546428695955e-29,6.43583798463295e-28,Downregulated,Project_TCGA-PRAD
TFF2,1.36687013315552,-2.00767929522406,0.54884958677666,-3.6579772374704,0.0002542136172778,0.0005696652235012,Downregulated,Project_TCGA-PRAD
TFF3,15546.8609803117,3.25673320678337,0.301291211971095,10.8092538958481,3.11190717364244e-27,1.35740416267741e-25,Upregulated,Project_TCGA-PRAD
TGM4,24335.5729423252,-2.65297967428064,0.463777483779329,-5.72037187459269,1.06291155889202e-08,4.31853502297908e-08,Downregulated,Project_TCGA-PRAD
TGM5,21.8442933123864,-2.08091573968348,0.236736546849996,-8.79000630604794,1.4955157256744699e-18,2.0843149120229202e-17,Downregulated,Project_TCGA-PRAD
THRSP,15.8300593814493,-3.71543467914632,0.332995444203958,-11.1576141470291,6.57319558717785e-29,3.40862147762749e-27,Downregulated,Project_TCGA-PRAD
TM4SF20,3.07916028180852,2.00631232520301,0.41963394648908,4.78110110487742,1.74337649494416e-06,5.3179528939958e-06,Upregulated,Project_TCGA-PRAD
TMEM114,74.6251200768095,-9.07685477998065,0.476491976893449,-19.0493339240639,6.65434847389558e-81,6.487324327200799e-78,Downregulated,Project_TCGA-PRAD
TMEM132C,146.06173391992,-2.51632068807451,0.219106474966176,-11.4844652056173,1.5790956991578798e-30,9.50284195746305e-29,Downregulated,Project_TCGA-PRAD
TMEM171,7.36398872095586,-3.04728058291582,0.206771480559813,-14.7374317515434,3.70612872514715e-49,8.70627685336376e-47,Downregulated,Project_TCGA-PRAD
TMEM196,2.24846730175575,-2.69313874657199,0.379344293449623,-7.0994576512053,1.2524741606111098e-12,8.32903860286339e-12,Downregulated,Project_TCGA-PRAD
TMEM212,2.37778152506404,2.17870482939466,0.552811183431311,3.94113739861664,8.10961547197937e-05,0.0001955978259186,Upregulated,Project_TCGA-PRAD
TMEM213,23.3096231318953,-2.96402431884494,0.306490037948579,-9.67086675535674,4.00967579153699e-22,9.09077425388235e-21,Downregulated,Project_TCGA-PRAD
TMEM238L,2.21259166540901,-3.38270357004192,0.347562177858506,-9.73265730720284,2.1880107399185697e-22,5.11532774663455e-21,Downregulated,Project_TCGA-PRAD
TMEM249,2.29942408477749,2.04910831194883,0.353736388732814,5.79275521890559,6.9240989644137105e-09,2.88659571537606e-08,Upregulated,Project_TCGA-PRAD
TMEM252,100.778976705324,-2.15385348626343,0.223876500832871,-9.62072159539129,6.53709428473876e-22,1.44185819416104e-20,Downregulated,Project_TCGA-PRAD
TMEM89,3.62210317543539,2.11453314833151,0.281744153045325,7.50515361357415,6.13566071854911e-14,4.7662594697319e-13,Upregulated,Project_TCGA-PRAD
TMPRSS11A,15.4540486536605,-2.81898027932179,0.418940870513831,-6.72882613688254,1.7103727402073898e-11,9.854860428062539e-11,Downregulated,Project_TCGA-PRAD
TNFSF11,6.5746729484593,-2.14829139468079,0.252347453408917,-8.51322795478973,1.69157066666553e-17,2.06526267117374e-16,Downregulated,Project_TCGA-PRAD
TNMD,23.3776950942929,-3.29828858062048,0.307345100101591,-10.7315476301078,7.23737724156958e-27,2.9897114715280503e-25,Downregulated,Project_TCGA-PRAD
TNN,38.2182844921724,2.2891535656665,0.246223823437789,9.2970433717795,1.44405325455594e-20,2.64376998660391e-19,Upregulated,Project_TCGA-PRAD
TRH,3.87004404438788,-3.12096660437336,0.356920329752715,-8.7441547712781,2.24691281983599e-18,3.04661378033116e-17,Downregulated,Project_TCGA-PRAD
TRIM31,51.0775574483712,-2.54707789666178,0.218506991119664,-11.6567341100171,2.1201963289148703e-31,1.3509669287968e-29,Downregulated,Project_TCGA-PRAD
TRIM49,1.14214434058315,2.21092862031486,0.832363408677943,2.65620592792097,0.0079025341092039,0.0140101482143351,Upregulated,Project_TCGA-PRAD
TRIM9,38.9419406523809,-2.24493380562586,0.164062743016899,-13.68338578488,1.2760961378942099e-42,2.1266087603984e-40,Downregulated,Project_TCGA-PRAD
TRPM3,46.0049068894903,-2.30098358505354,0.205036378809329,-11.2223186851798,3.16852121034415e-29,1.67425004225719e-27,Downregulated,Project_TCGA-PRAD
TRPM5,21.0740942901533,-3.2834927480044,0.302482960885964,-10.8551329251312,1.88532291935823e-27,8.37358229650266e-26,Downregulated,Project_TCGA-PRAD
TSPAN19,83.5931593961638,3.1895179170556,0.2971617704944,10.7332713482931,7.10359716051709e-27,2.9406780771924e-25,Upregulated,Project_TCGA-PRAD
TTR,126.574309314801,2.03960384758449,0.289063870029505,7.05589338223521,1.7149528498013198e-12,1.1183327981747899e-11,Upregulated,Project_TCGA-PRAD
TUBB4A,104.758741633836,2.99048697603527,0.295184396599165,10.1309114251594,4.02876492675387e-24,1.1620245346427098e-22,Upregulated,Project_TCGA-PRAD
TWIST1,602.658987402091,2.13906115220332,0.203384184204546,10.5173426368888,7.18720791938924e-26,2.61936785069629e-24,Upregulated,Project_TCGA-PRAD
UCN,84.9126103124081,2.17025569018976,0.161889224562575,13.4058069402321,5.59118163774464e-41,8.38591227482654e-39,Upregulated,Project_TCGA-PRAD
UGT1A3,17.5787046954483,3.38213444160657,0.451671634098879,7.48803818144169,6.99106918066869e-14,5.38782082548135e-13,Upregulated,Project_TCGA-PRAD
UGT2B11,3.4974523472702,2.10409176426163,0.510120883941149,4.12469246113902,3.71230457628396e-05,9.44571507613006e-05,Upregulated,Project_TCGA-PRAD
UGT2B4,359.412247969521,4.4043980821961,0.356329846425103,12.3604523347776,4.2774300164312205e-35,4.08830051276353e-33,Upregulated,Project_TCGA-PRAD
UGT2B7,31.9133775021761,-5.66414132856315,0.362031307131947,-15.6454461726946,3.5685933591281e-55,1.0542489896406e-52,Downregulated,Project_TCGA-PRAD
UGT3A1,9.38936622292648,-2.33700214104268,0.420284295258506,-5.56052692762467,2.68961347938657e-08,1.04031112122752e-07,Downregulated,Project_TCGA-PRAD
ULBP1,23.1226075119656,2.13249463683808,0.223559563984023,9.53882087992657,1.44465461168989e-21,3.00297181436348e-20,Upregulated,Project_TCGA-PRAD
UNC5A,769.475592112797,3.71067937728748,0.326561869150374,11.3628678906747,6.40082401011386e-30,3.6599198401524897e-28,Upregulated,Project_TCGA-PRAD
UNC5B,1686.26091623239,-2.23570285984477,0.143423929229624,-15.5880742624571,8.773879620254459e-55,2.55332992292122e-52,Downregulated,Project_TCGA-PRAD
VAX1,5.88008270850611,4.21463341413386,0.530388160351153,7.94631880799052,1.92135569194838e-15,1.79676706386616e-14,Upregulated,Project_TCGA-PRAD
VWA5B2,106.643664839188,-2.41309795979055,0.198320422953797,-12.167672516273,4.6207082345459e-34,3.93426066188541e-32,Downregulated,Project_TCGA-PRAD
WFDC10A,0.401142117513344,-2.39099725592167,0.818358968489536,-2.92169738218277,0.0034812960938409,0.0065538583796187,Downregulated,Project_TCGA-PRAD
WFDC2,2687.3659057147,-2.30689967224381,0.225228852033318,-10.2424696099883,1.2792849105588001e-24,3.90963905737862e-23,Downregulated,Project_TCGA-PRAD
WFDC8,0.545433795469899,-2.91118424304882,0.546660816382856,-5.32539402094254,1.00734435573985e-07,3.61184263483186e-07,Downregulated,Project_TCGA-PRAD
WFDC9,0.669662116197263,-4.9392534272166,1.68761203756399,-2.92677067790192,0.0034250132172653,0.0064566284163434,Downregulated,Project_TCGA-PRAD
WIF1,292.600209445124,-2.2456017788351,0.280672726043278,-8.00078372591443,1.23629769821067e-15,1.1886258638911101e-14,Downregulated,Project_TCGA-PRAD
WNT9B,59.2353264541141,-4.59201765394025,0.218578723276416,-21.0085299479637,5.4805249505661806e-98,8.90493962384494e-95,Downregulated,Project_TCGA-PRAD
ZBBX,17.1983880436046,2.07452604603439,0.367001314665881,5.65263927711824,1.58002674691902e-08,6.28336967396022e-08,Upregulated,Project_TCGA-PRAD
ZIC2,215.783968073221,4.42379236733015,0.293628985541733,15.065925317858,2.71339827060688e-51,6.7827999333708796e-49,Upregulated,Project_TCGA-PRAD
ZIC3,28.8428664272821,2.64862699128754,0.459172506059031,5.76826128815961,8.009356012851981e-09,3.3009178511644e-08,Upregulated,Project_TCGA-PRAD
ZIC5,95.9480186352117,5.06175305115875,0.359820107379621,14.0674546734501,6.01973031268747e-45,1.1621059567998e-42,Upregulated,Project_TCGA-PRAD
ZMYND10,142.203635292081,2.06528677913036,0.226927491550593,9.10108671725173,8.943244017432491e-20,1.45555402213605e-18,Upregulated,Project_TCGA-PRAD
ZNF185,2386.0224236977,-2.0303055412919,0.145244241888977,-13.9785613177274,2.1070436265626202e-44,3.87576760667151e-42,Downregulated,Project_TCGA-PRAD
ZNF556,50.6310725373106,2.50167689385424,0.349995507392464,7.14774001669972,8.82181863339304e-13,5.97872157503989e-12,Upregulated,Project_TCGA-PRAD
ZNF560,97.2520928569634,3.57513363924286,0.435300274138618,8.2130286876511,2.15677992996243e-16,2.2817631619320403e-15,Upregulated,Project_TCGA-PRAD
ZP1,80.0181811509322,2.17657509257507,0.239594020166874,9.08442994970874,1.0424349566752e-19,1.6839599656382e-18,Upregulated,Project_TCGA-PRAD
ZSCAN4,6.79559150542875,-2.05491873373559,0.285922394076672,-7.18698072031585,6.62397597033221e-13,4.54768603765977e-12,Downregulated,Project_TCGA-PRAD
